1,CHHATTISGARH,JASHPUR,BAGICHA,AKAMBA,AKAMBA,AKAMBA,Iron,1.00,1.78,Fully Covered
2,CHHATTISGARH,JASHPUR,BAGICHA,AKAMBA,AKAMBA,BAGLATOLI,Iron,1.00,2.26,Fully Covered
3,CHHATTISGARH,JASHPUR,BAGICHA,BACHRAWA,BACHRANW,AMBATOLI,Fluoride,1.50,1.88,Partial Covered
4,CHHATTISGARH,JASHPUR,BAGICHA,BACHRAWA,BACHRANW,BANDARKHACHHAR,Iron,1.00,1.55,Fully Covered
5,CHHATTISGARH,JASHPUR,BAGICHA,BACHRAWA,BACHRANW,BENDOPANI,Fluoride,1.50,2.23,Partial Covered
6,CHHATTISGARH,JASHPUR,BAGICHA,BACHRAWA,BACHRANW,DORRITOLI,Fluoride,1.50,3.67,Fully Covered
7,CHHATTISGARH,JASHPUR,BAGICHA,BACHRAWA,BACHRANW,GANJUTOLI,Iron,1.00,1.59,Fully Covered
8,CHHATTISGARH,JASHPUR,BAGICHA,BACHRAWA,BACHRANW,GHATTARI,Fluoride,1.50,1.84,Fully Covered
9,CHHATTISGARH,JASHPUR,BAGICHA,BACHRAWA,BACHRANW,KHURSAGARHA,Fluoride,1.50,3.14,Fully Covered
10,CHHATTISGARH,JASHPUR,BAGICHA,BACHRAWA,BACHRANW,KUSUMTOLI,Iron,1.00,2.23,Fully Covered
11,CHHATTISGARH,JASHPUR,BAGICHA,BACHRAWA,BACHRANW,MANDARTANGAR,Fluoride,1.50,2.46,Fully Covered
12,CHHATTISGARH,JASHPUR,BAGICHA,BACHRAWA,BACHRANW,MANJHATOLI,Fluoride,1.50,1.58,Partial Covered
13,CHHATTISGARH,JASHPUR,BAGICHA,BACHRAWA,BACHRANW,SARHAPANI,Iron,1.00,4.53,Fully Covered
14,CHHATTISGARH,JASHPUR,BAGICHA,BAGDOL,BAGDOL,BAGDOL,Iron,1.00,12.13,Quality Affected
15,CHHATTISGARH,JASHPUR,BAGICHA,BAGDOL,BAGDOL,CHULHADAND,Iron,1.00,1.87,Fully Covered
16,CHHATTISGARH,JASHPUR,BAGICHA,BAGDOL,BAGDOL,GITARIPARA,Iron,1.00,2.27,Fully Covered
17,CHHATTISGARH,JASHPUR,BAGICHA,BAGDOL,BAGDOL,POKHARADIPA,Fluoride,1.50,2.76,Fully Covered
18,CHHATTISGARH,JASHPUR,BAGICHA,BAGDOL,BAGDOL,TURRIKONA,Iron,1.00,12.70,Fully Covered
19,CHHATTISGARH,JASHPUR,BAGICHA,BAGDOL,GHAGRPUR,JHAGRPUR,Iron,1.00,11.44,Fully Covered
20,CHHATTISGARH,JASHPUR,BAGICHA,BAGDOL,GHAGRPUR,KHARIDAND,Fluoride,1.50,3.27,Quality Affected
21,CHHATTISGARH,JASHPUR,BAGICHA,BAHORA,BAHORA,BAHORA,Iron,1.00,9.15,Fully Covered
22,CHHATTISGARH,JASHPUR,BAGICHA,BAHORA,BAHORA,CHACHARI,Iron,1.00,2.92,Fully Covered
23,CHHATTISGARH,JASHPUR,BAGICHA,BAHORA,BAHORA,DARRITOLA,Iron,1.00,1.33,Fully Covered
24,CHHATTISGARH,JASHPUR,BAGICHA,BAHORA,BAHORA,JODAKONA,Iron,1.00,12.97,Fully Covered
25,CHHATTISGARH,JASHPUR,BAGICHA,BAHORA,BAHORA,KHIKHIRTOLI,Iron,1.00,1.16,Fully Covered
26,CHHATTISGARH,JASHPUR,BAGICHA,BAHORA,BAHORA,SHOBHA,Fluoride,1.50,2.22,Quality Affected
27,CHHATTISGARH,JASHPUR,BAGICHA,BAMBA,BAMBA,BHANDARPARA,Iron,1.00,2.04,Fully Covered
28,CHHATTISGARH,JASHPUR,BAGICHA,BAMBA,BAMBA,PAKERPARA,Iron,1.00,1.65,Fully Covered
29,CHHATTISGARH,JASHPUR,BAGICHA,BAMBA,BAMBA,RAHARPARA,Iron,1.00,1.32,Fully Covered
30,CHHATTISGARH,JASHPUR,BAGICHA,BASEN,BASEN,BASEN,Iron,1.00,1.51,Fully Covered
31,CHHATTISGARH,JASHPUR,BAGICHA,BASEN,BASEN,HANRIKONO,Iron,1.00,2.53,Fully Covered
32,CHHATTISGARH,JASHPUR,BAGICHA,BASEN,BASEN,HUNDALATA,Iron,1.00,1.58,Fully Covered
33,CHHATTISGARH,JASHPUR,BAGICHA,BASEN,BASEN,PAKRIKCHHAR,Iron,1.00,1.10,Fully Covered
34,CHHATTISGARH,JASHPUR,BAGICHA,BHADIYA,BHADIYA,BELWAR,Iron,1.00,1.92,Fully Covered
35,CHHATTISGARH,JASHPUR,BAGICHA,BHADIYA,BHADIYA,BHADIYA,Iron,1.00,1.00,Fully Covered
36,CHHATTISGARH,JASHPUR,BAGICHA,BHANWAR,BHANWAR,BHAWAR,Iron,1.00,1.13,Fully Covered
37,CHHATTISGARH,JASHPUR,BAGICHA,BHITGHRA,BHITGHARA,AMBADIPA,Fluoride,1.50,2.72,Fully Covered
38,CHHATTISGARH,JASHPUR,BAGICHA,BHITGHRA,BHITGHARA,BARTOLI,Fluoride,1.50,2.84,Fully Covered
39,CHHATTISGARH,JASHPUR,BAGICHA,BHITGHRA,BHITGHARA,BEWARTOLI,Iron,1.00,3.32,Fully Covered
40,CHHATTISGARH,JASHPUR,BAGICHA,BHITGHRA,BHITGHARA,BHITGHRA,Fluoride,1.50,3.30,Fully Covered
41,CHHATTISGARH,JASHPUR,BAGICHA,BHITGHRA,BHITGHARA,DAHIDAND,Fluoride,1.50,2.83,Fully Covered
42,CHHATTISGARH,JASHPUR,BAGICHA,BHITGHRA,BHITGHARA,GOWASI,Fluoride,1.50,2.40,Fully Covered
43,CHHATTISGARH,JASHPUR,BAGICHA,BHITGHRA,BHITGHARA,KORKOTDIPA,Iron,1.00,5.41,Fully Covered
44,CHHATTISGARH,JASHPUR,BAGICHA,BHITGHRA,BHITGHARA,SHIVRINARAYN,Fluoride,1.50,2.15,Fully Covered
45,CHHATTISGARH,JASHPUR,BAGICHA,BHITGHRA,RAJAPUR,RAJPUR,Iron,1.00,1.40,Fully Covered
46,CHHATTISGARH,JASHPUR,BAGICHA,BIMDA,BIMDA,BAIGIAKONA,Nitrate,45.00,47.51,Fully Covered
47,CHHATTISGARH,JASHPUR,BAGICHA,BIMDA,BIMDA,BIMDA,Fluoride,1.50,2.38,Fully Covered
48,CHHATTISGARH,JASHPUR,BAGICHA,BIMDA,BIMDA,KHALPARA,Iron,1.00,6.81,Fully Covered
49,CHHATTISGARH,JASHPUR,BAGICHA,BIMDA,BIMDA,MAJHAPARA,Fluoride,1.50,3.18,Fully Covered
50,CHHATTISGARH,JASHPUR,BAGICHA,BIMDA,BIMDA,OOPARPARA,Iron,1.00,14.17,Fully Covered
51,CHHATTISGARH,JASHPUR,BAGICHA,BIMDA,BIMDA,SUIKONA,Fluoride,1.50,2.56,Fully Covered
52,CHHATTISGARH,JASHPUR,BAGICHA,BIMDA,BIMDA,URAWPARA,Iron,1.00,2.90,Fully Covered
53,CHHATTISGARH,JASHPUR,BAGICHA,BODAPAHRI,BODAPAHRI,ARJUNDAND,Iron,1.00,1.25,Fully Covered
54,CHHATTISGARH,JASHPUR,BAGICHA,BUDHADAND,BUDHADAND,BUDADAND,Fluoride,1.50,3.04,Fully Covered
55,CHHATTISGARH,JASHPUR,BAGICHA,BUDHADAND,BUDHADAND,BYGATOLI,Iron,1.00,3.51,Partial Covered
56,CHHATTISGARH,JASHPUR,BAGICHA,BUDHADAND,BUDHADAND,KORKOTOLI,Iron,1.00,1.61,Fully Covered
57,CHHATTISGARH,JASHPUR,BAGICHA,BUDHADAND,BUDHADAND,NAWAPARA,Iron,1.00,2.07,Fully Covered
58,CHHATTISGARH,JASHPUR,BAGICHA,BUDHADAND,BUDHADAND,SAGARPARA,Iron,1.00,3.55,Fully Covered
59,CHHATTISGARH,JASHPUR,BAGICHA,BUDHADAND,FULDIH,FHULDIH,Iron,1.00,2.60,Partial Covered
60,CHHATTISGARH,JASHPUR,BAGICHA,CHAMPA,CMAMPA,CHAMPA,Iron,1.00,2.26,Fully Covered
61,CHHATTISGARH,JASHPUR,BAGICHA,CHAMPA,CMAMPA,DANDTOLI,Iron,1.00,3.55,Fully Covered
62,CHHATTISGARH,JASHPUR,BAGICHA,CHAMPA,CMAMPA,GANJUTOLI,Iron,1.00,12.77,Fully Covered
63,CHHATTISGARH,JASHPUR,BAGICHA,CHAMPA,CMAMPA,KATHITOLI,Iron,1.00,1.72,Fully Covered
64,CHHATTISGARH,JASHPUR,BAGICHA,CHAMPA,CMAMPA,KHAMDEL,Iron,1.00,1.20,Fully Covered
65,CHHATTISGARH,JASHPUR,BAGICHA,CHAMPA,CMAMPA,LINETOLI,Iron,1.00,2.39,Fully Covered
66,CHHATTISGARH,JASHPUR,BAGICHA,CHAMPA,CMAMPA,MADHITOLI,Iron,1.00,1.13,Fully Covered
67,CHHATTISGARH,JASHPUR,BAGICHA,CHAMPA,CMAMPA,TENDPARA,Iron,1.00,7.13,Fully Covered
68,CHHATTISGARH,JASHPUR,BAGICHA,CHAMPA,CMAMPA,URAWTOLI,Iron,1.00,11.55,Fully Covered
69,CHHATTISGARH,JASHPUR,BAGICHA,CHAMPA,KUWAN,KANTAPANI,Iron,1.00,4.76,Fully Covered
70,CHHATTISGARH,JASHPUR,BAGICHA,CHAMPA,KUWAN,KURWA,Iron,1.00,15.08,Fully Covered
71,CHHATTISGARH,JASHPUR,BAGICHA,CHAMPA,KUWAN,LALDERA,Iron,1.00,6.70,Fully Covered
72,CHHATTISGARH,JASHPUR,BAGICHA,CHHICHHLI,CHHICHHLI,CHHICHHLI,Iron,1.00,2.34,Fully Covered
73,CHHATTISGARH,JASHPUR,BAGICHA,CHHICHHLI,CHHICHHLI,CHIRWADAND,Iron,1.00,2.32,Fully Covered
74,CHHATTISGARH,JASHPUR,BAGICHA,CHICHALI (2),CHHICHHALI,CHARKAGHAT,Iron,1.00,2.72,Fully Covered
75,CHHATTISGARH,JASHPUR,BAGICHA,CHICHALI (2),CHHICHHALI,CHHICHHALI,Iron,1.00,11.20,Fully Covered
76,CHHATTISGARH,JASHPUR,BAGICHA,CHICHALI (2),CHHICHHALI,GARHKONA,Iron,1.00,1.90,Quality Affected
77,CHHATTISGARH,JASHPUR,BAGICHA,CHICHALI (2),CHHICHHALI,HARIJANPARA,Iron,1.00,1.39,Fully Covered
78,CHHATTISGARH,JASHPUR,BAGICHA,CHICHALI (2),CHHICHHALI,HEALTH PARA,Iron,1.00,1.68,Fully Covered
79,CHHATTISGARH,JASHPUR,BAGICHA,CHICHALI (2),CHHICHHALI,KHOMRAPATH,Iron,1.00,1.85,Fully Covered
80,CHHATTISGARH,JASHPUR,BAGICHA,CHIRODIH,BURJUDIH,BASATOH,Iron,1.00,1.19,Fully Covered
81,CHHATTISGARH,JASHPUR,BAGICHA,CHIRODIH,BURJUDIH,BELDATOLI,Iron,1.00,2.04,Fully Covered
82,CHHATTISGARH,JASHPUR,BAGICHA,CHIRODIH,BURJUDIH,BURJUDIH,Iron,1.00,1.88,Fully Covered
83,CHHATTISGARH,JASHPUR,BAGICHA,CHIRODIH,BURJUDIH,KETPANTOLI,Iron,1.00,1.80,Quality Affected
84,CHHATTISGARH,JASHPUR,BAGICHA,CHIRODIH,BURJUDIH,MEDITOLI,Nitrate,45.00,47.37,Fully Covered
85,CHHATTISGARH,JASHPUR,BAGICHA,CHIRODIH,BURJUDIH,URAWTOLI,Iron,1.00,2.04,Fully Covered
86,CHHATTISGARH,JASHPUR,BAGICHA,CHIRODIH,DHIRODIH,CHHIRODIH,Iron,1.00,12.60,Fully Covered
87,CHHATTISGARH,JASHPUR,BAGICHA,DANNGARI,DANGARI,BHURHIMUNDA,Iron,1.00,2.56,Fully Covered
88,CHHATTISGARH,JASHPUR,BAGICHA,DANNGARI,DANGARI,DANNGARI,Iron,1.00,1.74,Fully Covered
89,CHHATTISGARH,JASHPUR,BAGICHA,DANNGARI,DANGARI,DUMARTOLA,Iron,1.00,2.93,Fully Covered
90,CHHATTISGARH,JASHPUR,BAGICHA,DANNGARI,DANGARI,MAJHITOLI,Iron,1.00,1.47,Fully Covered
91,CHHATTISGARH,JASHPUR,BAGICHA,DANNGARI,DANGARI,NAWAPARA,Nitrate,45.00,52.42,Fully Covered
92,CHHATTISGARH,JASHPUR,BAGICHA,DANNGARI,DANGARI,PATIKONA,Iron,1.00,1.46,Fully Covered
93,CHHATTISGARH,JASHPUR,BAGICHA,DANNGARI,DANGARI,PUJAKONA,Iron,1.00,1.72,Fully Covered
94,CHHATTISGARH,JASHPUR,BAGICHA,DANNGARI,DANGARI,SEMARPATH,Iron,1.00,1.45,Fully Covered
95,CHHATTISGARH,JASHPUR,BAGICHA,DEWDAND,DEODAND,DEWDAND,Iron,1.00,2.48,Fully Covered
96,CHHATTISGARH,JASHPUR,BAGICHA,DEWDAND,DEODAND,FITINGPARA,Iron,1.00,1.36,Fully Covered
97,CHHATTISGARH,JASHPUR,BAGICHA,DEWDAND,DEODAND,JAGNATHTOLI,Iron,1.00,2.79,Fully Covered
98,CHHATTISGARH,JASHPUR,BAGICHA,DEWDAND,DEODAND,JEETUTOLI,Iron,1.00,2.89,Fully Covered
99,CHHATTISGARH,JASHPUR,BAGICHA,DEWDAND,DEODAND,KADAMTOLI,Iron,1.00,1.39,Fully Covered
100,CHHATTISGARH,JASHPUR,BAGICHA,DEWDAND,DEODAND,KERAPATH,Iron,1.00,1.03,Fully Covered
101,CHHATTISGARH,JASHPUR,BAGICHA,DEWDAND,DEODAND,TIPKAPANI,Iron,1.00,2.88,Fully Covered
102,CHHATTISGARH,JASHPUR,BAGICHA,DEWDAND,GAYBUDA,CHAMARPARA,Iron,1.00,1.81,Fully Covered
103,CHHATTISGARH,JASHPUR,BAGICHA,DEWDAND,GAYBUDA,DAXINPARA,Iron,1.00,1.46,Fully Covered
104,CHHATTISGARH,JASHPUR,BAGICHA,DEWDAND,GAYBUDA,GAIBUDA,Iron,1.00,2.31,Fully Covered
105,CHHATTISGARH,JASHPUR,BAGICHA,DEWDAND,GAYBUDA,GARIYAPATH,Iron,1.00,2.96,Partial Covered
106,CHHATTISGARH,JASHPUR,BAGICHA,DEWDAND,GAYBUDA,KHELPARA,Iron,1.00,11.05,Fully Covered
107,CHHATTISGARH,JASHPUR,BAGICHA,DEWDAND,GAYBUDA,NAWAPARA,Iron,1.00,8.17,Quality Affected
108,CHHATTISGARH,JASHPUR,BAGICHA,DEWDAND,GAYBUDA,TILIYATOLI,Iron,1.00,1.17,Fully Covered
109,CHHATTISGARH,JASHPUR,BAGICHA,DEWDAND,SUKMA,RANGAPARA,Iron,1.00,1.84,Fully Covered
110,CHHATTISGARH,JASHPUR,BAGICHA,DEWDAND,SUKMA,SUKMA,Iron,1.00,1.95,Fully Covered
111,CHHATTISGARH,JASHPUR,BAGICHA,DHODARAMBA,DHODHARAMBA,BANKABAHARI,Iron,1.00,2.11,Quality Affected
112,CHHATTISGARH,JASHPUR,BAGICHA,DHODARAMBA,DHODHARAMBA,DHODARAAMBA,Iron,1.00,7.18,Fully Covered
113,CHHATTISGARH,JASHPUR,BAGICHA,DHODARAMBA,DHODHARAMBA,KADAMTOLI,Iron,1.00,2.20,Fully Covered
114,CHHATTISGARH,JASHPUR,BAGICHA,DHODARAMBA,KURUMDHODA,KARMTOLI,Nitrate,45.00,57.44,Fully Covered
115,CHHATTISGARH,JASHPUR,BAGICHA,DHODARAMBA,KURUMDHODA,KURUMDADA,Iron,1.00,2.35,Fully Covered
116,CHHATTISGARH,JASHPUR,BAGICHA,DHODARAMBA,KURUMDHODA,PARSAPANI,Iron,1.00,1.65,Fully Covered
117,CHHATTISGARH,JASHPUR,BAGICHA,DHODARAMBA,KURUMDHODA,POKHRATOLI,Iron,1.00,1.30,Fully Covered
118,CHHATTISGARH,JASHPUR,BAGICHA,DOBH,DOM,BASTI,Iron,1.00,13.34,Fully Covered
119,CHHATTISGARH,JASHPUR,BAGICHA,DOBH,DOM,KORWATOLI,Iron,1.00,2.66,Fully Covered
120,CHHATTISGARH,JASHPUR,BAGICHA,DOBH,DOM,NUNPANI,Iron,1.00,1.85,Fully Covered
121,CHHATTISGARH,JASHPUR,BAGICHA,DUMRKONA,DUMARKONA,DUMARKONA,Iron,1.00,10.25,Fully Covered
122,CHHATTISGARH,JASHPUR,BAGICHA,DUMRKONA,DUMARKONA,GORRAKONA,Iron,1.00,2.14,Quality Affected
123,CHHATTISGARH,JASHPUR,BAGICHA,DUMRKONA,DUMARKONA,HARRADIPA,Iron,1.00,1.06,Fully Covered
124,CHHATTISGARH,JASHPUR,BAGICHA,DUMRKONA,DUMARKONA,JHAPARA,Iron,1.00,1.10,Fully Covered
125,CHHATTISGARH,JASHPUR,BAGICHA,DUMRKONA,DUMARKONA,KHERJKONA,Iron,1.00,2.51,Fully Covered
126,CHHATTISGARH,JASHPUR,BAGICHA,DUMRKONA,DUMARKONA,SAKARDIPA,Iron,1.00,2.16,Fully Covered
127,CHHATTISGARH,JASHPUR,BAGICHA,DURGAPARA,DURGAPARA,DURGAPARA,Iron,1.00,14.33,Fully Covered
128,CHHATTISGARH,JASHPUR,BAGICHA,DURGAPARA,DURGAPARA,NANDIPARA,Iron,1.00,13.66,Fully Covered
129,CHHATTISGARH,JASHPUR,BAGICHA,DURGAPARA,DURGAPARA,PANDRIPANI,Fluoride,1.50,1.89,Fully Covered
130,CHHATTISGARH,JASHPUR,BAGICHA,DURGAPARA,DURGAPARA,URAWPARA,Fluoride,1.50,1.68,Fully Covered
131,CHHATTISGARH,JASHPUR,BAGICHA,FHULJHAR,FULJHAR,FHULGHHAR,Iron,1.00,2.60,Fully Covered
132,CHHATTISGARH,JASHPUR,BAGICHA,FHULJHAR,FULJHAR,MANWATOLI,Iron,1.00,2.18,Fully Covered
133,CHHATTISGARH,JASHPUR,BAGICHA,GAYALUNGA,BUTUNGA,GAORBURA,Iron,1.00,2.15,Fully Covered
134,CHHATTISGARH,JASHPUR,BAGICHA,GAYALUNGA,BUTUNGA,JHARIADEEPA,Iron,1.00,1.57,Fully Covered
135,CHHATTISGARH,JASHPUR,BAGICHA,GAYALUNGA,GAILUNGA,AHIRGHAT,Iron,1.00,1.33,Fully Covered
136,CHHATTISGARH,JASHPUR,BAGICHA,GAYALUNGA,GAILUNGA,DARRITOLI,Fluoride,1.50,1.78,Fully Covered
137,CHHATTISGARH,JASHPUR,BAGICHA,GAYALUNGA,GAILUNGA,LOTADAND,Iron,1.00,4.15,Fully Covered
138,CHHATTISGARH,JASHPUR,BAGICHA,GAYALUNGA,GAILUNGA,MANJHATOLI,Iron,1.00,13.32,Fully Covered
139,CHHATTISGARH,JASHPUR,BAGICHA,GHHIKI,GHHIKI,GARHKAKIYA,Iron,1.00,1.46,Fully Covered
140,CHHATTISGARH,JASHPUR,BAGICHA,GHOGHR,GHOGHAR,BHELWADIH,Iron,1.00,1.02,Fully Covered
141,CHHATTISGARH,JASHPUR,BAGICHA,GHOGHR,GHOGHAR,GHOGHAR,Iron,1.00,2.12,Fully Covered
142,CHHATTISGARH,JASHPUR,BAGICHA,GHOGHR,GHOGHAR,JANKPUR,Iron,1.00,1.05,Fully Covered
143,CHHATTISGARH,JASHPUR,BAGICHA,GHOGHR,GHOGHAR,TATIKONA,Iron,1.00,1.63,Fully Covered
144,CHHATTISGARH,JASHPUR,BAGICHA,GHUGHRI,GHUGHRI,BATHMTOLI,Iron,1.00,1.16,Fully Covered
145,CHHATTISGARH,JASHPUR,BAGICHA,GHUGHRI,GHUGHRI,DELDABA,Iron,1.00,1.72,Fully Covered
146,CHHATTISGARH,JASHPUR,BAGICHA,GHUGHRI,GHUGHRI,GHUGHRI,Iron,1.00,2.79,Fully Covered
147,CHHATTISGARH,JASHPUR,BAGICHA,GHUGHRI,GHUGHRI,KADAMTOLI,Iron,1.00,1.31,Fully Covered
148,CHHATTISGARH,JASHPUR,BAGICHA,GHUGHRI,GHUGHRI,PURJUDIH,Iron,1.00,1.85,Fully Covered
149,CHHATTISGARH,JASHPUR,BAGICHA,GUDLU,GUDLU,BABUPARA,Iron,1.00,2.52,Fully Covered
150,CHHATTISGARH,JASHPUR,BAGICHA,GUDLU,GUDLU,GUDLU,Iron,1.00,1.68,Fully Covered
151,CHHATTISGARH,JASHPUR,BAGICHA,GURMHAKONA,BETRA,BETRA,Iron,1.00,4.34,Fully Covered
152,CHHATTISGARH,JASHPUR,BAGICHA,GURMHAKONA,BETRA,CHAKAPUR,Iron,1.00,13.31,Partial Covered
153,CHHATTISGARH,JASHPUR,BAGICHA,GURMHAKONA,GURMHAKONA,GURMHAKONA,Fluoride,1.50,1.91,Fully Covered
154,CHHATTISGARH,JASHPUR,BAGICHA,GURMHAKONA,GURMHAKONA,KADAMBATHAN,Iron,1.00,2.46,Fully Covered
155,CHHATTISGARH,JASHPUR,BAGICHA,HARRADIPA,HARRADIPA,SUKHAPOKHAR,Iron,1.00,1.64,Quality Affected
156,CHHATTISGARH,JASHPUR,BAGICHA,JUGJU,JUJAGU,JUGJU,Iron,1.00,1.26,Fully Covered
157,CHHATTISGARH,JASHPUR,BAGICHA,JURGUM,JURGUM,HARRATIKRA,Iron,1.00,1.82,Fully Covered
158,CHHATTISGARH,JASHPUR,BAGICHA,JURGUM,JURGUM,JURGUM,Fluoride,1.50,1.53,Fully Covered
159,CHHATTISGARH,JASHPUR,BAGICHA,JURGUM,JURGUM,KHAMARTOLI,Iron,1.00,1.40,Fully Covered
160,CHHATTISGARH,JASHPUR,BAGICHA,JURGUM,JURGUM,MAHKULTOLI,Iron,1.00,1.73,Fully Covered
161,CHHATTISGARH,JASHPUR,BAGICHA,JURGUM,KHANTADAN,KHANTADAND,Iron,1.00,2.96,Fully Covered
162,CHHATTISGARH,JASHPUR,BAGICHA,JURGUM,KHANTADAN,MAHKULPARA,Iron,1.00,2.52,Fully Covered
163,CHHATTISGARH,JASHPUR,BAGICHA,JURGUM,KHANTADAN,PARSADAND,Iron,1.00,2.90,Fully Covered
164,CHHATTISGARH,JASHPUR,BAGICHA,JURGUM,KHANTADAN,SUKHBASUPARA,Iron,1.00,2.97,Fully Covered
165,CHHATTISGARH,JASHPUR,BAGICHA,JURUDAND,JURUDAND,PREMNAGER,Fluoride,1.50,1.65,Fully Covered
166,CHHATTISGARH,JASHPUR,BAGICHA,JURUDAND,MAJHGAON,MANGHAGOAN,Fluoride,1.50,1.60,Fully Covered
167,CHHATTISGARH,JASHPUR,BAGICHA,JURUDAND,MAJHGAON,SIKTATOLI,Iron,1.00,1.85,Partial Covered
168,CHHATTISGARH,JASHPUR,BAGICHA,JURUDAND,PANDRIPANI,BARTOLI,Iron,1.00,1.09,Fully Covered
169,CHHATTISGARH,JASHPUR,BAGICHA,JURUDAND,PANDRIPANI,CHHIROTOLI,Fluoride,1.50,1.64,Fully Covered
170,CHHATTISGARH,JASHPUR,BAGICHA,JURUDAND,PANDRIPANI,HARRATOLI,Iron,1.00,2.61,Fully Covered
171,CHHATTISGARH,JASHPUR,BAGICHA,JURUDAND,PANDRIPANI,KORWATOLI,Iron,1.00,2.89,Fully Covered
172,CHHATTISGARH,JASHPUR,BAGICHA,KALIYA,DUMARPANI,BIJATOLI,Fluoride,1.50,2.37,Fully Covered
173,CHHATTISGARH,JASHPUR,BAGICHA,KALIYA,DUMARPANI,MACHHRIPUR,Fluoride,1.50,1.87,Fully Covered
174,CHHATTISGARH,JASHPUR,BAGICHA,KALIYA,DUMARPANI,SIRJITOLI,Fluoride,1.50,1.84,Fully Covered
175,CHHATTISGARH,JASHPUR,BAGICHA,KALIYA,KALIYA,BADOTOLI,Fluoride,1.50,2.43,Fully Covered
176,CHHATTISGARH,JASHPUR,BAGICHA,KALIYA,KALIYA,BANKHETA,Iron,1.00,1.80,Fully Covered
177,CHHATTISGARH,JASHPUR,BAGICHA,KALIYA,KALIYA,KALIYA,Fluoride,1.50,2.48,Fully Covered
178,CHHATTISGARH,JASHPUR,BAGICHA,KALIYA,KALIYA,SINGARDAND,Iron,1.00,1.95,Fully Covered
179,CHHATTISGARH,JASHPUR,BAGICHA,KALIYA,KURHATEPNA,KURHATIPNA,Iron,1.00,1.43,Fully Covered
180,CHHATTISGARH,JASHPUR,BAGICHA,KAMARIMA,KAMARIMA,BARWAPATH,Iron,1.00,1.33,Fully Covered
181,CHHATTISGARH,JASHPUR,BAGICHA,KAMARIMA,KAMARIMA,DATUNPANI,Iron,1.00,1.91,Fully Covered
182,CHHATTISGARH,JASHPUR,BAGICHA,KAMARIMA,KAMARIMA,KADAMPATH,Iron,1.00,1.16,Fully Covered
183,CHHATTISGARH,JASHPUR,BAGICHA,KAMARIMA,KAMARIMA,KAMARIMA,Fluoride,1.50,1.98,Fully Covered
184,CHHATTISGARH,JASHPUR,BAGICHA,KAMARIMA,KAMARIMA,POSKAT,Iron,1.00,1.69,Fully Covered
185,CHHATTISGARH,JASHPUR,BAGICHA,KAMARIMA,KAMARIMA,TANGARPANI,Iron,1.00,2.45,Fully Covered
186,CHHATTISGARH,JASHPUR,BAGICHA,KARMA,DODRAHI,DONDRDIH,Iron,1.00,1.05,Fully Covered
187,CHHATTISGARH,JASHPUR,BAGICHA,KARMA,KARMA,BANSATOLI,Iron,1.00,1.32,Fully Covered
188,CHHATTISGARH,JASHPUR,BAGICHA,KARMA,KARMA,DORKITOLI,Iron,1.00,1.53,Fully Covered
189,CHHATTISGARH,JASHPUR,BAGICHA,KEWAI,KAWAI,BABUTOLI,Iron,1.00,6.60,Fully Covered
190,CHHATTISGARH,JASHPUR,BAGICHA,KEWAI,KAWAI,GHAIPANI,Iron,1.00,14.35,Fully Covered
191,CHHATTISGARH,JASHPUR,BAGICHA,KEWAI,KAWAI,KEWAI,Iron,1.00,10.86,Fully Covered
192,CHHATTISGARH,JASHPUR,BAGICHA,KEWAI,KAWAI,PAHADTOLI,Iron,1.00,15.48,Fully Covered
193,CHHATTISGARH,JASHPUR,BAGICHA,KEWAI,MADHUPUR,MADHUPUR,Iron,1.00,12.97,Fully Covered
194,CHHATTISGARH,JASHPUR,BAGICHA,KHAKHARA,KHAKHRA,AMATPANI,Iron,1.00,2.01,Fully Covered
195,CHHATTISGARH,JASHPUR,BAGICHA,KHAKHARA,KHAKHRA,BABUTOLI,Iron,1.00,1.80,Fully Covered
196,CHHATTISGARH,JASHPUR,BAGICHA,KHAKHARA,KHAKHRA,CHUTAITOLI,Iron,1.00,1.35,Fully Covered
197,CHHATTISGARH,JASHPUR,BAGICHA,KHAKHARA,KHAKHRA,HARRADIPA,Iron,1.00,12.73,Fully Covered
198,CHHATTISGARH,JASHPUR,BAGICHA,KHAKHARA,KHAKHRA,KERAPATH,Iron,1.00,1.36,Fully Covered
199,CHHATTISGARH,JASHPUR,BAGICHA,KHAKHARA,KHAKHRA,KHAKHARA,Iron,1.00,15.71,Fully Covered
200,CHHATTISGARH,JASHPUR,BAGICHA,KHAKHARA,KHAKHRA,NEEMGAON,Iron,1.00,13.66,Fully Covered
201,CHHATTISGARH,JASHPUR,BAGICHA,KODOPARA,KODOPARA,KODOPARA,Iron,1.00,2.83,Fully Covered
202,CHHATTISGARH,JASHPUR,BAGICHA,KOPA,KOPA,BAMHANI,Fluoride,1.50,2.37,Fully Covered
203,CHHATTISGARH,JASHPUR,BAGICHA,KOPA,KOPA,BICHKOPA,Iron,1.00,2.35,Fully Covered
204,CHHATTISGARH,JASHPUR,BAGICHA,KOPA,KOPA,KAPA-UPAR,Fluoride,1.50,2.00,Fully Covered
205,CHHATTISGARH,JASHPUR,BAGICHA,KOPA,KOPA,MORCHATOLI,Iron,1.00,1.86,Fully Covered
206,CHHATTISGARH,JASHPUR,BAGICHA,KOPA,KOPA,SAJAPANI,Iron,1.00,1.74,Fully Covered
207,CHHATTISGARH,JASHPUR,BAGICHA,KUDMURA,KUDMURA,CHULHAPANI,Iron,1.00,1.15,Fully Covered
208,CHHATTISGARH,JASHPUR,BAGICHA,KUDMURA,KUDMURA,DONDROGAT,Iron,1.00,1.89,Fully Covered
209,CHHATTISGARH,JASHPUR,BAGICHA,KUDMURA,KUDMURA,KUDMURA,Iron,1.00,1.98,Fully Covered
210,CHHATTISGARH,JASHPUR,BAGICHA,KUDMURA,KUDMURA,NABOTOLI],Iron,1.00,1.60,Partial Covered
211,CHHATTISGARH,JASHPUR,BAGICHA,KUDMURA,KUDMURA,SIKTATOLI,Iron,1.00,2.05,Fully Covered
212,CHHATTISGARH,JASHPUR,BAGICHA,KURDEG,KURDEG,BAIGAPARA,Nitrate,45.00,66.90,Fully Covered
213,CHHATTISGARH,JASHPUR,BAGICHA,KURDEG,KURDEG,KURDEG,Fluoride,1.50,2.54,Fully Covered
214,CHHATTISGARH,JASHPUR,BAGICHA,KURROG,KURROG,BISAMPUR,Iron,1.00,1.51,Fully Covered
215,CHHATTISGARH,JASHPUR,BAGICHA,KURROG,KURROG,DUMARKONO,Iron,1.00,6.92,Fully Covered
216,CHHATTISGARH,JASHPUR,BAGICHA,KURROG,KURROG,KURGA,Iron,1.00,1.95,Fully Covered
217,CHHATTISGARH,JASHPUR,BAGICHA,KURROG,KURROG,MAHADEODAD,Iron,1.00,2.46,Fully Covered
218,CHHATTISGARH,JASHPUR,BAGICHA,KURROG,KURROG,TUKUPARA,Iron,1.00,1.42,Fully Covered
219,CHHATTISGARH,JASHPUR,BAGICHA,KUTMA,KUTMA,BAIGATOLI,Iron,1.00,1.50,Fully Covered
220,CHHATTISGARH,JASHPUR,BAGICHA,KUTMA,KUTMA,KUTMA,Iron,1.00,1.32,Fully Covered
221,CHHATTISGARH,JASHPUR,BAGICHA,KUTMA,KUTMA,SALKHADAND,Iron,1.00,1.85,Fully Covered
222,CHHATTISGARH,JASHPUR,BAGICHA,KUTMA,PATAKELA,BHARANTOLI,Iron,1.00,1.34,Partial Covered
223,CHHATTISGARH,JASHPUR,BAGICHA,LARNGA,LARANGA,BORPATH,Iron,1.00,2.60,Fully Covered
224,CHHATTISGARH,JASHPUR,BAGICHA,LARNGA,LODHENA,BASATOLI,Fluoride,1.50,2.24,Fully Covered
225,CHHATTISGARH,JASHPUR,BAGICHA,LARNGA,LODHENA,LODENA,Fluoride,1.50,2.10,Fully Covered
226,CHHATTISGARH,JASHPUR,BAGICHA,LARNGA,LODHENA,LODENAPATH,Iron,1.00,10.84,Fully Covered
227,CHHATTISGARH,JASHPUR,BAGICHA,LARNGA,MAINA,MAINA,Iron,1.00,13.86,Fully Covered
228,CHHATTISGARH,JASHPUR,BAGICHA,LARNGA,MAINA,TOOTTOLI,Iron,1.00,13.86,Fully Covered
229,CHHATTISGARH,JASHPUR,BAGICHA,LORO,ANKIRAKONA,BASTOLI,Fluoride,1.50,2.46,Fully Covered
230,CHHATTISGARH,JASHPUR,BAGICHA,LORO,BHADU,BHADU,Iron,1.00,3.01,Fully Covered
231,CHHATTISGARH,JASHPUR,BAGICHA,LORO,BHADU,PATKONA,Iron,1.00,2.52,Fully Covered
232,CHHATTISGARH,JASHPUR,BAGICHA,LORO,BHADU,UPABHADA,Iron,1.00,1.60,Quality Affected
233,CHHATTISGARH,JASHPUR,BAGICHA,LORO,BHADU,UPEPATKONA,Iron,1.00,11.18,Fully Covered
234,CHHATTISGARH,JASHPUR,BAGICHA,LORO,CHATAKPUR,CHATKPUR,Iron,1.00,4.62,Fully Covered
235,CHHATTISGARH,JASHPUR,BAGICHA,LORO,LORO,LORO,Iron,1.00,12.76,Fully Covered
236,CHHATTISGARH,JASHPUR,BAGICHA,LORO,LORO,PAHARTOLI,Iron,1.00,6.10,Fully Covered
237,CHHATTISGARH,JASHPUR,BAGICHA,MAHNAI,MAHNAI,BOIRPOKHAR,Iron,1.00,1.85,Fully Covered
238,CHHATTISGARH,JASHPUR,BAGICHA,MAHNAI,MAHNAI,KADMTOLI,Iron,1.00,11.71,Fully Covered
239,CHHATTISGARH,JASHPUR,BAGICHA,MAHNAI,MAHNAI,KASAIPANI,Iron,1.00,10.40,Fully Covered
240,CHHATTISGARH,JASHPUR,BAGICHA,MAHUWA,MAHUA,CHHINDKONA,Iron,1.00,3.30,Fully Covered
241,CHHATTISGARH,JASHPUR,BAGICHA,MAHUWA,MAHUA,DUWARI,Iron,1.00,13.43,Fully Covered
242,CHHATTISGARH,JASHPUR,BAGICHA,MAHUWA,MAHUA,GATTI,Iron,1.00,2.85,Fully Covered
243,CHHATTISGARH,JASHPUR,BAGICHA,MAHUWA,MAHUA,KAPATOLI,Iron,1.00,14.13,Fully Covered
244,CHHATTISGARH,JASHPUR,BAGICHA,MAHUWA,MAHUA,MAHUWA,Iron,1.00,13.07,Fully Covered
245,CHHATTISGARH,JASHPUR,BAGICHA,MAHUWA,MAHUA,MANJHPAHAR,Iron,1.00,11.88,Fully Covered
246,CHHATTISGARH,JASHPUR,BAGICHA,MAHUWA,MAHUA,SAKTITOLI,Iron,1.00,1.11,Quality Affected
247,CHHATTISGARH,JASHPUR,BAGICHA,MAHUWADIH,MAHUWADIH,MAHUWADIH,Iron,1.00,1.58,Partial Covered
248,CHHATTISGARH,JASHPUR,BAGICHA,MAHUWADIH,MAHUWADIH,PANDRAKHAR,Iron,1.00,1.77,Fully Covered
249,CHHATTISGARH,JASHPUR,BAGICHA,MAHUWADIH,RENGOLA,DARITOLI,Iron,1.00,1.10,Fully Covered
250,CHHATTISGARH,JASHPUR,BAGICHA,MAHUWADIH,RENGOLA,RENGOLA,Iron,1.00,1.10,Fully Covered
251,CHHATTISGARH,JASHPUR,BAGICHA,MAINI,MAINI,MAINI,Fluoride,1.50,4.74,Fully Covered
252,CHHATTISGARH,JASHPUR,BAGICHA,MAINI,MAINI,NADIPARA,Fluoride,1.50,3.07,Fully Covered
253,CHHATTISGARH,JASHPUR,BAGICHA,MAINI,MAINI,NAWATOLI,Fluoride,1.50,3.26,Fully Covered
254,CHHATTISGARH,JASHPUR,BAGICHA,MAINI,MAINI,PARSAPANI,Fluoride,1.50,3.23,Fully Covered
255,CHHATTISGARH,JASHPUR,BAGICHA,MAINI,MAINI,SATITIKRA,Iron,1.00,3.08,Fully Covered
256,CHHATTISGARH,JASHPUR,BAGICHA,MARNGI,CHALNI,AMBAKONA,Iron,1.00,1.42,Fully Covered
257,CHHATTISGARH,JASHPUR,BAGICHA,MARNGI,CHALNI,BANSTOLI,Iron,1.00,2.48,Fully Covered
258,CHHATTISGARH,JASHPUR,BAGICHA,MARNGI,CHALNI,BARPATH,Iron,1.00,1.39,Fully Covered
259,CHHATTISGARH,JASHPUR,BAGICHA,MARNGI,CHALNI,PARSADIPA,Iron,1.00,14.06,Fully Covered
260,CHHATTISGARH,JASHPUR,BAGICHA,MARNGI,MARANGI,BEWRATOLI,Fluoride,1.50,1.52,Fully Covered
261,CHHATTISGARH,JASHPUR,BAGICHA,MARNGI,MARANGI,DIPATOLI,Fluoride,1.50,1.54,Fully Covered
262,CHHATTISGARH,JASHPUR,BAGICHA,MARNGI,MARANGI,MARNGI,Fluoride,1.50,1.56,Fully Covered
263,CHHATTISGARH,JASHPUR,BAGICHA,MARNGI,MARANGI,MAVANGIPATH,Iron,1.00,6.81,Fully Covered
264,CHHATTISGARH,JASHPUR,BAGICHA,MAROL,MAROL,MAROL,Iron,1.00,2.63,Partial Covered
265,CHHATTISGARH,JASHPUR,BAGICHA,MAROL,SAMDURA,SAMDURA,Iron,1.00,1.23,Fully Covered
266,CHHATTISGARH,JASHPUR,BAGICHA,MUDHI,KURKURIYAKUR,MAHUWAPATH,Iron,1.00,1.54,Quality Affected
267,CHHATTISGARH,JASHPUR,BAGICHA,MUDHI,MUDHI,MURHI,Fluoride,1.50,1.91,Fully Covered
268,CHHATTISGARH,JASHPUR,BAGICHA,MUDHI,MUDHI,NOONPANI,Iron,1.00,1.20,Fully Covered
269,CHHATTISGARH,JASHPUR,BAGICHA,NANHESAR,KHEDAR,LALDERA,Iron,1.00,2.31,Fully Covered
270,CHHATTISGARH,JASHPUR,BAGICHA,NANHESAR,NANHESAR,DEURKONA,Iron,1.00,1.95,Fully Covered
271,CHHATTISGARH,JASHPUR,BAGICHA,NANHESAR,NANHESAR,DHENKIDIPA,Iron,1.00,1.09,Fully Covered
272,CHHATTISGARH,JASHPUR,BAGICHA,NANHESAR,NANHESAR,NANHESAR,Iron,1.00,1.68,Fully Covered
273,CHHATTISGARH,JASHPUR,BAGICHA,NATKELA,NATKELA,JALGARIPATH,Iron,1.00,1.33,Fully Covered
274,CHHATTISGARH,JASHPUR,BAGICHA,NATKELA,NATKELA,JAMPARA,Iron,1.00,6.02,Fully Covered
275,CHHATTISGARH,JASHPUR,BAGICHA,NATKELA,NATKELA,NATKELA,Nitrate,45.00,73.91,Fully Covered
276,CHHATTISGARH,JASHPUR,BAGICHA,NATKELA,NATKELA,PARSAPAHAR,Iron,1.00,3.58,Fully Covered
277,CHHATTISGARH,JASHPUR,BAGICHA,NATKELA,PATRAPARA,MANJHIPARA,Iron,1.00,4.99,Partial Covered
278,CHHATTISGARH,JASHPUR,BAGICHA,NATKELA,PATRAPARA,PATRAPARA,Iron,1.00,1.95,Fully Covered
279,CHHATTISGARH,JASHPUR,BAGICHA,PANDRAPATH,PANDRAPATH,AMBAPATH,Iron,1.00,13.41,Fully Covered
280,CHHATTISGARH,JASHPUR,BAGICHA,PANDRAPATH,PANDRAPATH,BHECHIKONA,Iron,1.00,2.03,Fully Covered
281,CHHATTISGARH,JASHPUR,BAGICHA,PANDRAPATH,PANDRAPATH,HETHPAHAR,Iron,1.00,13.87,Fully Covered
282,CHHATTISGARH,JASHPUR,BAGICHA,PANDRAPATH,PANDRAPATH,KEKMAITOLI,Iron,1.00,4.46,Fully Covered
283,CHHATTISGARH,JASHPUR,BAGICHA,PANDRAPATH,PANDRAPATH,MNDAKONA,Iron,1.00,5.08,Fully Covered
284,CHHATTISGARH,JASHPUR,BAGICHA,PANDRAPATH,PANDRAPATH,NAWAPARA,Iron,1.00,4.24,Fully Covered
285,CHHATTISGARH,JASHPUR,BAGICHA,PANDRAPATH,PANDRAPATH,PANDRAPATH,Iron,1.00,13.09,Fully Covered
286,CHHATTISGARH,JASHPUR,BAGICHA,PANDRAPATH,PANDRAPATH,REMPATH,Iron,1.00,2.25,Fully Covered
287,CHHATTISGARH,JASHPUR,BAGICHA,PANDRAPATH,PANDRAPATH,TENDPATH,Iron,1.00,1.75,Fully Covered
288,CHHATTISGARH,JASHPUR,BAGICHA,PASIYA,PASIYA,PASIYA,Iron,1.00,2.08,Quality Affected
289,CHHATTISGARH,JASHPUR,BAGICHA,PETA,PETA,DANDPARA,Iron,1.00,13.73,Fully Covered
290,CHHATTISGARH,JASHPUR,BAGICHA,PETA,PETA,GHUSRADAND,Iron,1.00,1.49,Fully Covered
291,CHHATTISGARH,JASHPUR,BAGICHA,PETA,PETA,KORWATOLI,Iron,1.00,1.73,Fully Covered
292,CHHATTISGARH,JASHPUR,BAGICHA,PETA,PETA,PETA,Iron,1.00,1.33,Fully Covered
293,CHHATTISGARH,JASHPUR,BAGICHA,PETA,PETA,UPARPARA,Iron,1.00,2.26,Fully Covered
294,CHHATTISGARH,JASHPUR,BAGICHA,PETA,SONPUR,BARTOLI,Iron,1.00,2.40,Fully Covered
295,CHHATTISGARH,JASHPUR,BAGICHA,PETA,SONPUR,SONPUR,Iron,1.00,2.11,Fully Covered
296,CHHATTISGARH,JASHPUR,BAGICHA,PIRAI,PIRAI,BANDATOLI,Iron,1.00,1.87,Fully Covered
297,CHHATTISGARH,JASHPUR,BAGICHA,PIRAI,PIRAI,GAHNKACHHAR,Iron,1.00,1.61,Fully Covered
298,CHHATTISGARH,JASHPUR,BAGICHA,PIRAI,PIRAI,KATRAPARA,Iron,1.00,5.10,Partial Covered
299,CHHATTISGARH,JASHPUR,BAGICHA,PIRAI,PIRAI,KHUTITOLI,Iron,1.00,1.99,Fully Covered
300,CHHATTISGARH,JASHPUR,BAGICHA,PIRAI,PIRAI,PIRAI,Iron,1.00,1.65,Partial Covered
301,CHHATTISGARH,JASHPUR,BAGICHA,RAIKERA,RAIKERA,RAIKERA,Iron,1.00,2.62,Fully Covered
302,CHHATTISGARH,JASHPUR,BAGICHA,RAIKERA,RAIKERA,RAIKERA (2),Iron,1.00,3.91,Fully Covered
303,CHHATTISGARH,JASHPUR,BAGICHA,RAIKERA,RAIKERA,TETWATANGR,Nitrate,45.00,65.13,Fully Covered
304,CHHATTISGARH,JASHPUR,BAGICHA,RAIKERA,REWRE,REWRE,Iron,1.00,4.17,Fully Covered
305,CHHATTISGARH,JASHPUR,BAGICHA,RAIKERA,RUPSERA,BHADIYA,Iron,1.00,5.64,Fully Covered
306,CHHATTISGARH,JASHPUR,BAGICHA,RAIKERA,RUPSERA,RUPSERA,Iron,1.00,13.50,Partial Covered
307,CHHATTISGARH,JASHPUR,BAGICHA,RAMSAMA,RAMSAMA,JARHATOLI,Iron,1.00,2.46,Fully Covered
308,CHHATTISGARH,JASHPUR,BAGICHA,RAMSAMA,RAMSAMA,RAMSAMA,Fluoride,1.50,2.91,Fully Covered
309,CHHATTISGARH,JASHPUR,BAGICHA,RAMSAMA,RAMSAMA,SIKTATOLI,Iron,1.00,1.06,Fully Covered
310,CHHATTISGARH,JASHPUR,BAGICHA,RANPUR,RANPUR,BAJICHATOLI,Iron,1.00,1.28,Partial Covered
311,CHHATTISGARH,JASHPUR,BAGICHA,RAONI,ROUNI,BARTOLI,Iron,1.00,6.98,Fully Covered
312,CHHATTISGARH,JASHPUR,BAGICHA,RAONI,ROUNI,DATLAGWA,Iron,1.00,12.03,Fully Covered
313,CHHATTISGARH,JASHPUR,BAGICHA,RAONI,ROUNI,HARIJANTOLI,Iron,1.00,3.78,Partial Covered
314,CHHATTISGARH,JASHPUR,BAGICHA,RAONI,ROUNI,JARHISEMAR,Iron,1.00,1.17,Fully Covered
315,CHHATTISGARH,JASHPUR,BAGICHA,RAONI,ROUNI,RAONI,Iron,1.00,5.05,Fully Covered
316,CHHATTISGARH,JASHPUR,BAGICHA,RENGLE,BEND,BEND,Fluoride,1.50,3.51,Fully Covered
317,CHHATTISGARH,JASHPUR,BAGICHA,RENGLE,BEND,NAGESIYATOLI,Iron,1.00,6.86,Partial Covered
318,CHHATTISGARH,JASHPUR,BAGICHA,RENGLE,RENGALE,JORAJAM,Iron,1.00,2.41,Fully Covered
319,CHHATTISGARH,JASHPUR,BAGICHA,RENGLE,RENGALE,NAWATOLI,Iron,1.00,1.47,Fully Covered
320,CHHATTISGARH,JASHPUR,BAGICHA,RENGLE,RENGALE,RENGLE,Fluoride,1.50,3.05,Fully Covered
321,CHHATTISGARH,JASHPUR,BAGICHA,RENGLE,SUTRI,SUTRI,Fluoride,1.50,2.10,Fully Covered
322,CHHATTISGARH,JASHPUR,BAGICHA,ROKDA,ROKDAPATH,KANCHANDIH,Iron,1.00,2.19,Fully Covered
323,CHHATTISGARH,JASHPUR,BAGICHA,SAHIDAND,SAHIDAND,JAMDAND,Iron,1.00,3.78,Fully Covered
324,CHHATTISGARH,JASHPUR,BAGICHA,SAHIDAND,SAHIDAND,KERMTOLI,Iron,1.00,3.00,Fully Covered
325,CHHATTISGARH,JASHPUR,BAGICHA,SAHIDAND,SAHIDAND,KORKOTOLI,Iron,1.00,2.28,Fully Covered
326,CHHATTISGARH,JASHPUR,BAGICHA,SAHIDAND,SAHIDAND,KORWATOLI,Nitrate,45.00,79.57,Fully Covered
327,CHHATTISGARH,JASHPUR,BAGICHA,SAHIDAND,SAHIDAND,NADIDIPA,Iron,1.00,1.31,Fully Covered
328,CHHATTISGARH,JASHPUR,BAGICHA,SAHIDAND,SAHIDAND,SAHIDAND,Fluoride,1.50,1.70,Fully Covered
329,CHHATTISGARH,JASHPUR,BAGICHA,SAHIDAND,SAHIDAND,TETARTOLI,Iron,1.00,2.83,Fully Covered
330,CHHATTISGARH,JASHPUR,BAGICHA,SAMRBAR,SAMARBAR,BAKNIDAND,Iron,1.00,13.21,Fully Covered
331,CHHATTISGARH,JASHPUR,BAGICHA,SAMRBAR,SAMARBAR,BHITARKONA,Iron,1.00,9.80,Fully Covered
332,CHHATTISGARH,JASHPUR,BAGICHA,SAMRBAR,SAMARBAR,BUCHIDERA,Iron,1.00,1.32,Fully Covered
333,CHHATTISGARH,JASHPUR,BAGICHA,SAMRBAR,SAMARBAR,CHHIPLACHHUI,Iron,1.00,1.10,Fully Covered
334,CHHATTISGARH,JASHPUR,BAGICHA,SAMRBAR,SAMARBAR,DHURIAMBA,Fluoride,1.50,3.19,Fully Covered
335,CHHATTISGARH,JASHPUR,BAGICHA,SAMRBAR,SAMARBAR,SAMRBHAR,Fluoride,1.50,2.37,Partial Covered
336,CHHATTISGARH,JASHPUR,BAGICHA,SAMRBAR,SAMARBAR,SEMARJOBLA,Fluoride,1.50,3.82,Fully Covered
337,CHHATTISGARH,JASHPUR,BAGICHA,SANNA,KANDRAI,KANDAI,Fluoride,1.50,2.42,Fully Covered
338,CHHATTISGARH,JASHPUR,BAGICHA,SANNA,KANDRAI,KHOKHADIH,Iron,1.00,4.70,Fully Covered
339,CHHATTISGARH,JASHPUR,BAGICHA,SANNA,SANNA,CHANDADIPA,Fluoride,1.50,1.53,Fully Covered
340,CHHATTISGARH,JASHPUR,BAGICHA,SANNA,SANNA,DAWIPATH,Iron,1.00,1.58,Fully Covered
341,CHHATTISGARH,JASHPUR,BAGICHA,SANNA,SANNA,DEWARAPATH,Iron,1.00,4.24,Fully Covered
342,CHHATTISGARH,JASHPUR,BAGICHA,SANNA,SANNA,KATATANGER,Iron,1.00,1.32,Fully Covered
343,CHHATTISGARH,JASHPUR,BAGICHA,SANNA,SANNA,MAYATOLI,Iron,1.00,2.01,Fully Covered
344,CHHATTISGARH,JASHPUR,BAGICHA,SANNA,SANNA,PATKONA,Iron,1.00,2.04,Fully Covered
345,CHHATTISGARH,JASHPUR,BAGICHA,SANNA,SANNA,SANNA,Iron,1.00,3.13,Fully Covered
346,CHHATTISGARH,JASHPUR,BAGICHA,SANNA,SANNA,SARHATOLI,Iron,1.00,1.80,Partial Covered
347,CHHATTISGARH,JASHPUR,BAGICHA,SARBKOMBO,SARBKAMBKONBO,BATHANTOLI,Fluoride,1.50,1.92,Quality Affected
348,CHHATTISGARH,JASHPUR,BAGICHA,SARBKOMBO,SARBKAMBKONBO,DANDTOLI,Fluoride,1.50,1.62,Fully Covered
349,CHHATTISGARH,JASHPUR,BAGICHA,SARBKOMBO,SARBKAMBKONBO,SARBKOMBO,Fluoride,1.50,2.98,Fully Covered
350,CHHATTISGARH,JASHPUR,BAGICHA,SARDHAPATH,SARDHAPATH,SARDHAPATH,Iron,1.00,1.50,Fully Covered
351,CHHATTISGARH,JASHPUR,BAGICHA,SARDIH,SARDIH,CHHINDPANI,Fluoride,1.50,2.04,Fully Covered
352,CHHATTISGARH,JASHPUR,BAGICHA,SARDIH,SARDIH,PAHARPARA,Iron,1.00,3.09,Fully Covered
353,CHHATTISGARH,JASHPUR,BAGICHA,SARDIH,SARDIH,SARDIH,Iron,1.00,2.44,Fully Covered
354,CHHATTISGARH,JASHPUR,BAGICHA,SARIPANI,SARAIPANI,BANSADIH,Iron,1.00,2.18,Fully Covered
355,CHHATTISGARH,JASHPUR,BAGICHA,SARIPANI,SARAIPANI,LALDAND,Iron,1.00,1.62,Fully Covered
356,CHHATTISGARH,JASHPUR,BAGICHA,SARIPANI,SARAIPANI,NAWAPARA,Iron,1.00,1.49,Fully Covered
357,CHHATTISGARH,JASHPUR,BAGICHA,SOANGERSA,SARUTHAP,KAILASHGUFA,Iron,1.00,2.10,Quality Affected
358,CHHATTISGARH,JASHPUR,BAGICHA,SOANGERSA,SARUTHAP,KAILASHGUFA MELAPARA,Iron,1.00,2.10,
359,CHHATTISGARH,JASHPUR,BAGICHA,SULESA,SULESA,BARRTOLI,Iron,1.00,4.12,Fully Covered
360,CHHATTISGARH,JASHPUR,BAGICHA,SULESA,SULESA,BASTI,Iron,1.00,3.31,Fully Covered
361,CHHATTISGARH,JASHPUR,BAGICHA,SULESA,SULESA,DHRUW PARA,Iron,1.00,6.92,Partial Covered
362,CHHATTISGARH,JASHPUR,BAGICHA,SULESA,SULESA,HARAKONI,Iron,1.00,14.32,Fully Covered
363,CHHATTISGARH,JASHPUR,BAGICHA,TANGARDIH,ORAKA,OADNKA,Iron,1.00,1.28,Quality Affected
364,CHHATTISGARH,JASHPUR,BAGICHA,TANGARDIH,PURANGA,PURNGA,Iron,1.00,1.33,Partial Covered
365,CHHATTISGARH,JASHPUR,BAGICHA,TANGARDIH,TANGARDIH,CHHATABAR,Iron,1.00,2.20,Partial Covered
366,CHHATTISGARH,JASHPUR,BAGICHA,TANGARDIH,TANGARDIH,TANGARDIH,Iron,1.00,1.23,Fully Covered
367,CHHATTISGARH,JASHPUR,BAGICHA,TATKELA,TATKELA,MANSUTOLI,Iron,1.00,1.87,Fully Covered
368,CHHATTISGARH,JASHPUR,BAGICHA,TATKELA,TATKELA,SINGARPARA,Iron,1.00,2.02,Fully Covered
369,CHHATTISGARH,JASHPUR,BAGICHA,TATKELA,TATKELA,TATKELA,Iron,1.00,1.33,Fully Covered
370,CHHATTISGARH,JASHPUR,BAGICHA,TORA,TORA,DHAWARGHAT,Iron,1.00,13.51,Fully Covered
371,CHHATTISGARH,JASHPUR,BAGICHA,TORA,TORA,TORA,Fluoride,1.50,1.82,Fully Covered
372,CHHATTISGARH,JASHPUR,BAGICHA,UKAI,BHATTHA,BHATTA,Iron,1.00,13.93,Fully Covered
373,CHHATTISGARH,JASHPUR,BAGICHA,UKAI,BHATTHA,OKHARDIPA,Iron,1.00,15.68,Fully Covered
374,CHHATTISGARH,JASHPUR,BAGICHA,UKAI,UKAI,NAWATOLI,Iron,1.00,4.67,Fully Covered
375,CHHATTISGARH,JASHPUR,BAGICHA,UKAI,UKAI,SIKTATOLI,Iron,1.00,1.82,Fully Covered
376,CHHATTISGARH,JASHPUR,BAGICHA,UKAI,UKAI,UKAI,Iron,1.00,11.88,Fully Covered
377,CHHATTISGARH,JASHPUR,DULDULA,BAMHANI,BAMHANI,BHEDITOLI,Iron,1.00,1.64,Quality Affected
378,CHHATTISGARH,JASHPUR,DULDULA,BANGURKELA,BANGURKELA,AKHARADIPA,Iron,1.00,12.56,Fully Covered
379,CHHATTISGARH,JASHPUR,DULDULA,BANGURKELA,BANGURKELA,GHOTIYAPARA,Iron,1.00,2.13,Fully Covered
380,CHHATTISGARH,JASHPUR,DULDULA,BANGURKELA,BANGURKELA,KHAS,Iron,1.00,1.50,Fully Covered
381,CHHATTISGARH,JASHPUR,DULDULA,BANGURKELA,BANGURKELA,UPARPARA,Iron,1.00,8.88,Fully Covered
382,CHHATTISGARH,JASHPUR,DULDULA,BANGURKELA,JAMJHARIYA,JAMJHARIYA,Fluoride,1.50,3.88,Partial Covered
383,CHHATTISGARH,JASHPUR,DULDULA,BANGURKELA,JAMJHARIYA,TURRI,Iron,1.00,13.42,Fully Covered
384,CHHATTISGARH,JASHPUR,DULDULA,BANGURKELA,KANTASARU,DOBALNIPALI,Iron,1.00,11.60,Fully Covered
385,CHHATTISGARH,JASHPUR,DULDULA,BANGURKELA,KANTASARU,KATASARU,Iron,1.00,10.07,Fully Covered
386,CHHATTISGARH,JASHPUR,DULDULA,BANGURKELA,KANTASARU,URAWTOLI,Iron,1.00,13.10,Fully Covered
387,CHHATTISGARH,JASHPUR,DULDULA,BARPANI,DHAREN,DHAREN,Iron,1.00,6.47,Fully Covered
388,CHHATTISGARH,JASHPUR,DULDULA,BARPANI,JUDWAIN,BUDHADERA,Nitrate,45.00,56.42,Fully Covered
389,CHHATTISGARH,JASHPUR,DULDULA,BHUSANDITOLI,BHUSADITOLI,BHUSANDITOLI,Iron,1.00,1.89,Partial Covered
390,CHHATTISGARH,JASHPUR,DULDULA,BHUSANDITOLI,BHUSADITOLI,MAHUWATOLI,Iron,1.00,2.61,Fully Covered
391,CHHATTISGARH,JASHPUR,DULDULA,BIPATPUR,BIPATPUR,BEGICHATOLI,Iron,1.00,2.04,Fully Covered
392,CHHATTISGARH,JASHPUR,DULDULA,BIPATPUR,BIPATPUR,BHELWATOLI,Iron,1.00,13.55,Fully Covered
393,CHHATTISGARH,JASHPUR,DULDULA,BIPATPUR,BIPATPUR,BIPATPUR,Iron,1.00,2.21,Fully Covered
394,CHHATTISGARH,JASHPUR,DULDULA,BIPATPUR,BIPATPUR,DIPATOLI,Iron,1.00,2.37,Fully Covered
395,CHHATTISGARH,JASHPUR,DULDULA,BIPATPUR,BIPATPUR,DUMARTOLI,Iron,1.00,2.14,Fully Covered
396,CHHATTISGARH,JASHPUR,DULDULA,BIPATPUR,BIPATPUR,INDRANAGAR,Fluoride,1.50,3.43,Fully Covered
397,CHHATTISGARH,JASHPUR,DULDULA,BIPATPUR,BIPATPUR,KOTHIAMBA,Fluoride,1.50,1.62,Fully Covered
398,CHHATTISGARH,JASHPUR,DULDULA,BIPATPUR,GANGIMUNDA,HEATHTOLI,Fluoride,1.50,2.63,Fully Covered
399,CHHATTISGARH,JASHPUR,DULDULA,BIPATPUR,GHUTGHUTI,GHUTGHUTI,Iron,1.00,2.03,Partial Covered
400,CHHATTISGARH,JASHPUR,DULDULA,CHAPATOLI,CHAPATOLI,CHAPATOLI,Iron,1.00,11.50,Fully Covered
401,CHHATTISGARH,JASHPUR,DULDULA,CHAPATOLI,CHAPATOLI,HARRATOLI,Iron,1.00,1.84,Quality Affected
402,CHHATTISGARH,JASHPUR,DULDULA,CHAPATOLI,CHAPATOLI,RANBANDH,Iron,1.00,8.53,Fully Covered
403,CHHATTISGARH,JASHPUR,DULDULA,CHAPATOLI,HATKLATA,CHIROPANI,Iron,1.00,1.63,Fully Covered
404,CHHATTISGARH,JASHPUR,DULDULA,CHAPATOLI,HATKLATA,HATKLATA,Iron,1.00,4.33,Fully Covered
405,CHHATTISGARH,JASHPUR,DULDULA,CHATKPUR,CHATAKPUR,CHATKPUR,Fluoride,1.50,1.96,Quality Affected
406,CHHATTISGARH,JASHPUR,DULDULA,CHATKPUR,DANDAHADI,KASBASTI,Fluoride,1.50,4.03,Fully Covered
407,CHHATTISGARH,JASHPUR,DULDULA,CHATKPUR,DANDAHADI,RAITOLI,Fluoride,1.50,4.48,Fully Covered
408,CHHATTISGARH,JASHPUR,DULDULA,CHATKPUR,DANDAHADI,REGARBAHAR,Fluoride,1.50,3.32,Fully Covered
409,CHHATTISGARH,JASHPUR,DULDULA,CHHERDAND,CHHERDAND,BHEDITOLI,Iron,1.00,3.65,Fully Covered
410,CHHATTISGARH,JASHPUR,DULDULA,CHHERDAND,CHHERDAND,PANDANI,Iron,1.00,3.24,Fully Covered
411,CHHATTISGARH,JASHPUR,DULDULA,CHHERDAND,CHHERDAND,TUKUTOLI,Iron,1.00,7.35,Fully Covered
412,CHHATTISGARH,JASHPUR,DULDULA,DOBH,DANDPANI,DANDPALI,Iron,1.00,6.08,Partial Covered
413,CHHATTISGARH,JASHPUR,DULDULA,DOBH,DANDPANI,KURBATOLI,Iron,1.00,3.01,Fully Covered
414,CHHATTISGARH,JASHPUR,DULDULA,DOBH,DANDPANI,SARAITOLI,Iron,1.00,12.82,Fully Covered
415,CHHATTISGARH,JASHPUR,DULDULA,DOBH,DANDPANI,TETARTOLI,Iron,1.00,1.50,Fully Covered
416,CHHATTISGARH,JASHPUR,DULDULA,DOBH,DOBH,DOBH,Iron,1.00,9.05,Fully Covered
417,CHHATTISGARH,JASHPUR,DULDULA,DOBH,DOBH,KAHASBASTI,Iron,1.00,3.08,Fully Covered
418,CHHATTISGARH,JASHPUR,DULDULA,DULDULA,DULDULA,AMBATOLI,Iron,1.00,6.95,Fully Covered
419,CHHATTISGARH,JASHPUR,DULDULA,DULDULA,DULDULA,BHIJPUR,Iron,1.00,9.05,Fully Covered
420,CHHATTISGARH,JASHPUR,DULDULA,DULDULA,DULDULA,DIPATOLI,Fluoride,1.50,2.49,Fully Covered
421,CHHATTISGARH,JASHPUR,DULDULA,DULDULA,DULDULA,DULDULA,Fluoride,1.50,2.25,Fully Covered
422,CHHATTISGARH,JASHPUR,DULDULA,DULDULA,DULDULA,NONIYATOLI,Iron,1.00,1.00,Fully Covered
423,CHHATTISGARH,JASHPUR,DULDULA,DULDULA,DULDULA,SOKODIPA,Iron,1.00,1.91,Fully Covered
424,CHHATTISGARH,JASHPUR,DULDULA,DULDULA,DULDULA,SUNKADAND,Fluoride,1.50,2.64,Fully Covered
425,CHHATTISGARH,JASHPUR,DULDULA,DULDULA,DULDULA,THUTHIAMBA,Iron,1.00,1.00,Fully Covered
426,CHHATTISGARH,JASHPUR,DULDULA,DULDULA,DULDULA,UBAKAPANI,Iron,1.00,11.16,Fully Covered
427,CHHATTISGARH,JASHPUR,DULDULA,DULDULA,KHUTITOLI,JOKTALA,Iron,1.00,13.44,Fully Covered
428,CHHATTISGARH,JASHPUR,DULDULA,DULDULA,KHUTITOLI,KHUTITOLI,Fluoride,1.50,1.91,Fully Covered
429,CHHATTISGARH,JASHPUR,DULDULA,DULDULA,KHUTITOLI,NAWATOLI,Iron,1.00,3.93,Quality Affected
430,CHHATTISGARH,JASHPUR,DULDULA,DULDULA,KHUTITOLI,TETARTOLI,Iron,1.00,2.17,Fully Covered
431,CHHATTISGARH,JASHPUR,DULDULA,GATTRBUDA,GATTIBUDA,KALINPUR,Iron,1.00,1.15,Fully Covered
432,CHHATTISGARH,JASHPUR,DULDULA,GATTRBUDA,GATTIBUDA,MAINBASTI,Iron,1.00,1.19,Fully Covered
433,CHHATTISGARH,JASHPUR,DULDULA,GATTRBUDA,GATTIBUDA,RAITOLI,Iron,1.00,4.00,Fully Covered
434,CHHATTISGARH,JASHPUR,DULDULA,GATTRBUDA,HALDIMUND,GANJHU TOLI,Iron,1.00,1.93,Fully Covered
435,CHHATTISGARH,JASHPUR,DULDULA,GATTRBUDA,HALDIMUND,MAIN VILLAGE,Iron,1.00,3.85,Fully Covered
436,CHHATTISGARH,JASHPUR,DULDULA,GATTRBUDA,HALDIMUND,URAWTOLI,Iron,1.00,1.78,Fully Covered
437,CHHATTISGARH,JASHPUR,DULDULA,GODAMBA,DHODHIARA,BARTOLI,Iron,1.00,2.34,Fully Covered
438,CHHATTISGARH,JASHPUR,DULDULA,GODAMBA,DHURIYAAMBA,KATUKHASA,Iron,1.00,2.60,Fully Covered
439,CHHATTISGARH,JASHPUR,DULDULA,GODAMBA,DHURIYAAMBA,PATEEL TOLI,Iron,1.00,1.91,Fully Covered
440,CHHATTISGARH,JASHPUR,DULDULA,GODAMBA,DHURIYAAMBA,TONGERITOLI,Iron,1.00,2.51,Partial Covered
441,CHHATTISGARH,JASHPUR,DULDULA,GODAMBA,DHURIYAAMBA,URAW TOLI,Iron,1.00,1.74,Fully Covered
442,CHHATTISGARH,JASHPUR,DULDULA,GODAMBA,GONDAMA,GODAMBA,Iron,1.00,1.30,Fully Covered
443,CHHATTISGARH,JASHPUR,DULDULA,GODAMBA,GONDAMA,JAMKHORKHAKONA,Iron,1.00,2.95,Fully Covered
444,CHHATTISGARH,JASHPUR,DULDULA,GODAMBA,GONDAMA,TETARTOLI,Nitrate,45.00,54.26,Fully Covered
445,CHHATTISGARH,JASHPUR,DULDULA,GODAMBA,GONDAMA,UPARBASTI,Iron,1.00,3.09,Partial Covered
446,CHHATTISGARH,JASHPUR,DULDULA,JAMPANI,JAMPANI,AMBATOLI,Iron,1.00,8.59,Fully Covered
447,CHHATTISGARH,JASHPUR,DULDULA,JAMPANI,JAMPANI,BADKADAND,Iron,1.00,10.29,Fully Covered
448,CHHATTISGARH,JASHPUR,DULDULA,JAMPANI,JAMPANI,CHINADAND,Iron,1.00,1.34,Fully Covered
449,CHHATTISGARH,JASHPUR,DULDULA,JAMPANI,JAMPANI,INDARAGHAT,Iron,1.00,2.85,Fully Covered
450,CHHATTISGARH,JASHPUR,DULDULA,JAMPANI,JAMPANI,JAMPANI,Iron,1.00,9.94,Fully Covered
451,CHHATTISGARH,JASHPUR,DULDULA,JAMPANI,SALAMALI,AMERAKHOL,Iron,1.00,1.54,Partial Covered
452,CHHATTISGARH,JASHPUR,DULDULA,JAMPANI,SALAMALI,AMORAKHAL UPARTOLI,Iron,1.00,4.91,Fully Covered
453,CHHATTISGARH,JASHPUR,DULDULA,JAMPANI,SALAMALI,RAMJHARIYATOLI,Iron,1.00,9.91,Fully Covered
454,CHHATTISGARH,JASHPUR,DULDULA,JAMPANI,TEDHAPAHAR,SCHOOLPARA,Iron,1.00,10.61,Fully Covered
455,CHHATTISGARH,JASHPUR,DULDULA,JAMPANI,TEDHAPAHAR,TEDAPAHAD,Iron,1.00,4.30,Partial Covered
456,CHHATTISGARH,JASHPUR,DULDULA,JAMPANI,TEDHAPAHAR,TONGORITOLI,Iron,1.00,2.12,Partial Covered
457,CHHATTISGARH,JASHPUR,DULDULA,JAMTOLI,JAMTOLI,JAMTOLI,Iron,1.00,1.71,Fully Covered
458,CHHATTISGARH,JASHPUR,DULDULA,JAMTOLI,JAMTOLI,LOHARDAND,Iron,1.00,2.89,Fully Covered
459,CHHATTISGARH,JASHPUR,DULDULA,JAMTOLI,KENDAPANI,KENDPANI,Fluoride,1.50,2.82,Fully Covered
460,CHHATTISGARH,JASHPUR,DULDULA,JAMTOLI,KENDAPANI,TANGARTOLI,Fluoride,1.50,2.36,Fully Covered
461,CHHATTISGARH,JASHPUR,DULDULA,JAMTOLI,PATIYAPANI,PATIYAPANI,Fluoride,1.50,2.18,Partial Covered
462,CHHATTISGARH,JASHPUR,DULDULA,JHARGAON,BANSTALA,GANJHUTOLI,Iron,1.00,1.67,Fully Covered
463,CHHATTISGARH,JASHPUR,DULDULA,JHARGAON,BANSTALA,MAJHITOLI,Iron,1.00,1.18,Fully Covered
464,CHHATTISGARH,JASHPUR,DULDULA,JHARGAON,JHARGAON,BADANIJHARIYA,Iron,1.00,9.77,Fully Covered
465,CHHATTISGARH,JASHPUR,DULDULA,JHARGAON,JHARGAON,BKRTOLI,Fluoride,1.50,2.19,Fully Covered
466,CHHATTISGARH,JASHPUR,DULDULA,JHARGAON,JHARGAON,DANDPANI,Iron,1.00,10.01,Fully Covered
467,CHHATTISGARH,JASHPUR,DULDULA,JHARGAON,JHARGAON,DARRIPANI,Nitrate,45.00,63.66,Fully Covered
468,CHHATTISGARH,JASHPUR,DULDULA,JHARGAON,JHARGAON,HAGATTOLI,Fluoride,1.50,2.85,Fully Covered
469,CHHATTISGARH,JASHPUR,DULDULA,JHARGAON,JHARGAON,JHARGAON,Fluoride,1.50,1.97,Fully Covered
470,CHHATTISGARH,JASHPUR,DULDULA,JHARGAON,JHARGAON,PARBASTI,Iron,1.00,2.28,Fully Covered
471,CHHATTISGARH,JASHPUR,DULDULA,JHARGAON,JHARGAON,THARGAON,Iron,1.00,8.49,Fully Covered
472,CHHATTISGARH,JASHPUR,DULDULA,JHARGAON,KADOPANI,GANJHUTOLI,Iron,1.00,11.08,Fully Covered
473,CHHATTISGARH,JASHPUR,DULDULA,JHARGAON,KADOPANI,KADOPANI,Iron,1.00,4.15,Fully Covered
474,CHHATTISGARH,JASHPUR,DULDULA,JHARGAON,KADOPANI,MANJHITOLI,Iron,1.00,2.24,Partial Covered
475,CHHATTISGARH,JASHPUR,DULDULA,JHARGAON,KADOPANI,SUTWASUTOLI,Fluoride,1.50,2.18,Fully Covered
476,CHHATTISGARH,JASHPUR,DULDULA,JHARGAON,KADOPANI,URAWTOLI,Fluoride,1.50,2.01,Fully Covered
477,CHHATTISGARH,JASHPUR,DULDULA,KARDEGA,KARDEGA,KARDEGA,Nitrate,45.00,74.51,Fully Covered
478,CHHATTISGARH,JASHPUR,DULDULA,KARDEGA,KARDEGA,MAHKULTOLI,Iron,1.00,1.36,Fully Covered
479,CHHATTISGARH,JASHPUR,DULDULA,KARDEGA,KARDEGA,RANIBANDH,Iron,1.00,3.77,Fully Covered
480,CHHATTISGARH,JASHPUR,DULDULA,KARDEGA,KARDEGA,RANIBANDH RAITOLI,Iron,1.00,1.60,Fully Covered
481,CHHATTISGARH,JASHPUR,DULDULA,KARDEGA,KARDEGA,SAWARIKONA,Iron,1.00,2.03,Fully Covered
482,CHHATTISGARH,JASHPUR,DULDULA,KARDEGA,PANDRIAMBA,BAMHANPURI,Iron,1.00,1.12,Fully Covered
483,CHHATTISGARH,JASHPUR,DULDULA,KARDEGA,PANDRIAMBA,BANSODTOLI,Iron,1.00,2.26,Fully Covered
484,CHHATTISGARH,JASHPUR,DULDULA,KARDEGA,PANDRIAMBA,PANDRIAMAPARA,Iron,1.00,7.96,Fully Covered
485,CHHATTISGARH,JASHPUR,DULDULA,KARDEGA,PANDRIAMBA,PATALTOLI,Iron,1.00,2.31,Fully Covered
486,CHHATTISGARH,JASHPUR,DULDULA,KASTURA,KASTURA,KASTURA,Iron,1.00,9.03,Fully Covered
487,CHHATTISGARH,JASHPUR,DULDULA,KASTURA,KASTURA,KATAILONGARA,Iron,1.00,12.43,Fully Covered
488,CHHATTISGARH,JASHPUR,DULDULA,KASTURA,KASTURA,RAMBANDH,Nitrate,45.00,61.10,Fully Covered
489,CHHATTISGARH,JASHPUR,DULDULA,KASTURA,KASTURA,SARAITOLI,Iron,1.00,2.24,Fully Covered
490,CHHATTISGARH,JASHPUR,DULDULA,KENDAPANI,DHANDHAM,KHADIYATOLI,Nitrate,45.00,194.26,Fully Covered
491,CHHATTISGARH,JASHPUR,DULDULA,KENDAPANI,DHANDHAM,LOTATOLI,Fluoride,1.50,2.74,Fully Covered
492,CHHATTISGARH,JASHPUR,DULDULA,KENDAPANI,DHANDHAM,MANOHARTOLI,Iron,1.00,5.09,Fully Covered
493,CHHATTISGARH,JASHPUR,DULDULA,KENDAPANI,DHANDHAM,NAWATOLI,Iron,1.00,7.96,Fully Covered
494,CHHATTISGARH,JASHPUR,DULDULA,KENDAPANI,DHANDHAM,SORNADIPA,Iron,1.00,5.28,Fully Covered
495,CHHATTISGARH,JASHPUR,DULDULA,KENDAPANI,DHANDHAM,SUHWASUTOLI,Iron,1.00,1.95,Fully Covered
496,CHHATTISGARH,JASHPUR,DULDULA,KENDAPANI,FOTAKOSAMMR,FOTAKOSEMAR,Iron,1.00,1.59,Fully Covered
497,CHHATTISGARH,JASHPUR,DULDULA,KENDAPANI,KENDAPANI,KENDAPANI,Iron,1.00,12.66,Fully Covered
498,CHHATTISGARH,JASHPUR,DULDULA,KENDAPANI,KENDAPANI,KENDPANI,Iron,1.00,2.20,Fully Covered
499,CHHATTISGARH,JASHPUR,DULDULA,KENDAPANI,KENDAPANI,MOTOTLI,Iron,1.00,13.63,Partial Covered
500,CHHATTISGARH,JASHPUR,DULDULA,KENDAPANI,SAJAPANI,LOHARTOLI,Iron,1.00,1.78,Quality Affected
501,CHHATTISGARH,JASHPUR,DULDULA,KENDAPANI,SAJAPANI,SAJAPANI,Iron,1.00,1.34,Partial Covered
502,CHHATTISGARH,JASHPUR,DULDULA,KENDAPANI,SAJAPANI,TONGARITOLI,Nitrate,45.00,46.79,Fully Covered
503,CHHATTISGARH,JASHPUR,DULDULA,KORNA,KORNA,PAGURABAHAR,Fluoride,1.50,4.46,Fully Covered
504,CHHATTISGARH,JASHPUR,DULDULA,KORNA,KORNA,PANDARIPANI,Fluoride,1.50,2.70,Fully Covered
505,CHHATTISGARH,JASHPUR,DULDULA,KORNA,KORNA,PRADHANDIPA,Fluoride,1.50,3.58,Fully Covered
506,CHHATTISGARH,JASHPUR,DULDULA,KORNA,TANGRTOLI,TANGARTOLI,Fluoride,1.50,2.30,Fully Covered
507,CHHATTISGARH,JASHPUR,DULDULA,LORO,LORO,LORO,Fluoride,1.50,1.83,Fully Covered
508,CHHATTISGARH,JASHPUR,DULDULA,LORO,LORO,SARBAHALA,Iron,1.00,10.62,Fully Covered
509,CHHATTISGARH,JASHPUR,DULDULA,LORO,SIRITOLI,GULJHARIYA,Fluoride,1.50,2.96,Partial Covered
510,CHHATTISGARH,JASHPUR,DULDULA,LORO,SIRITOLI,KHARWATOLI,Iron,1.00,1.33,Fully Covered
511,CHHATTISGARH,JASHPUR,DULDULA,LORO,SIRITOLI,SIRITOLI,Iron,1.00,5.16,Fully Covered
512,CHHATTISGARH,JASHPUR,DULDULA,LORO,SIRITOLI,URAWTOLI,Iron,1.00,4.99,Fully Covered
513,CHHATTISGARH,JASHPUR,DULDULA,MAKARIBANDHA,MAKARIBANDHA,KORWATOLI-B,Fluoride,1.50,1.65,Fully Covered
514,CHHATTISGARH,JASHPUR,DULDULA,MAKARIBANDHA,MAKARIBANDHA,RAWTIYATOLI,Nitrate,45.00,45.21,Fully Covered
515,CHHATTISGARH,JASHPUR,DULDULA,MAYURCHUNDI,BAKUNA,BAKUNA,Fluoride,1.50,2.15,Partial Covered
516,CHHATTISGARH,JASHPUR,DULDULA,MAYURCHUNDI,JAMCHUNW,JAMGOHAR,Fluoride,1.50,2.37,Partial Covered
517,CHHATTISGARH,JASHPUR,DULDULA,MAYURCHUNDI,MANJURCHUNDI,URWATOLI,Fluoride,1.50,6.89,Fully Covered
518,CHHATTISGARH,JASHPUR,DULDULA,PATARATOLI,PATRATOLI,PANDRIPANI,Iron,1.00,1.86,Fully Covered
519,CHHATTISGARH,JASHPUR,DULDULA,PATARATOLI,PATRATOLI,PATARATOLI,Iron,1.00,1.01,Fully Covered
520,CHHATTISGARH,JASHPUR,DULDULA,RAIDIH,GIDHASAND,BANSTOLI,Iron,1.00,6.27,Fully Covered
521,CHHATTISGARH,JASHPUR,DULDULA,RAIDIH,GIDHASAND,GIDHASAND,Iron,1.00,1.90,Fully Covered
522,CHHATTISGARH,JASHPUR,DULDULA,RAIDIH,GIDHASAND,KUSUMTOLI,Iron,1.00,4.62,Fully Covered
523,CHHATTISGARH,JASHPUR,DULDULA,RAIDIH,GIDHASAND,PADETOLI,Iron,1.00,11.87,Fully Covered
524,CHHATTISGARH,JASHPUR,DULDULA,RAIDIH,KHUNTITOLI,URAWTOLI,Iron,1.00,1.25,Fully Covered
525,CHHATTISGARH,JASHPUR,DULDULA,RAIDIH,RAIDIH,MAJHATOLI,Nitrate,45.00,51.12,Fully Covered
526,CHHATTISGARH,JASHPUR,DULDULA,RAIDIH,RAIDIH,RAIDIH,Iron,1.00,1.88,Fully Covered
527,CHHATTISGARH,JASHPUR,DULDULA,RAIDIH,RAIDIH,YADAWTOLI,Iron,1.00,9.46,Fully Covered
528,CHHATTISGARH,JASHPUR,DULDULA,SAPGHARA,BARPANI,BAIGATOLI,Iron,1.00,1.01,Partial Covered
529,CHHATTISGARH,JASHPUR,DULDULA,SAPGHARA,BARPANI,BARPANI,Iron,1.00,2.63,Fully Covered
530,CHHATTISGARH,JASHPUR,DULDULA,SAPGHARA,BARPANI,UMARTOLI,Iron,1.00,1.91,Fully Covered
531,CHHATTISGARH,JASHPUR,DULDULA,SAPGHARA,SANPGHARA,MUHHULTOLI,Iron,1.00,2.22,Fully Covered
532,CHHATTISGARH,JASHPUR,DULDULA,SAPGHARA,SANPGHARA,NOONPANI,Iron,1.00,2.92,Partial Covered
533,CHHATTISGARH,JASHPUR,DULDULA,SAPGHARA,SANPGHARA,SAPGHARA,Iron,1.00,2.88,Fully Covered
534,CHHATTISGARH,JASHPUR,DULDULA,SIMDA,SIMDA,MAKSANTOLI,Nitrate,45.00,57.96,Fully Covered
535,CHHATTISGARH,JASHPUR,DULDULA,SIMDA,SIMDA,SARAITOLI,Nitrate,45.00,64.86,Fully Covered
536,CHHATTISGARH,JASHPUR,DULDULA,SIMDA,SIMDA,SIMDA,Nitrate,45.00,53.80,Fully Covered
537,CHHATTISGARH,JASHPUR,DULDULA,SIRIMKELA,SIRIMKELA,BAMHANIBAYA,Nitrate,45.00,49.70,Fully Covered
538,CHHATTISGARH,JASHPUR,DULDULA,SIRIMKELA,SIRIMKELA,KORKOTTOLI,Fluoride,1.50,2.46,Fully Covered
539,CHHATTISGARH,JASHPUR,JASHPUR,AARA,AARRA,AARA,Iron,1.00,3.11,Fully Covered
540,CHHATTISGARH,JASHPUR,JASHPUR,AARA,AARRA,DHOL DAND,Iron,1.00,2.27,Fully Covered
541,CHHATTISGARH,JASHPUR,JASHPUR,AARA,AARRA,DODAROKONA,Iron,1.00,1.31,Fully Covered
542,CHHATTISGARH,JASHPUR,JASHPUR,AARA,AARRA,GODI TOLI,Iron,1.00,1.27,Fully Covered
543,CHHATTISGARH,JASHPUR,JASHPUR,AARA,AARRA,JAWAHAR TOLI,Iron,1.00,2.79,Fully Covered
544,CHHATTISGARH,JASHPUR,JASHPUR,AARA,AARRA,JHILOTOLI,Iron,1.00,2.15,Fully Covered
545,CHHATTISGARH,JASHPUR,JASHPUR,AARA,AARRA,KETAR,Iron,1.00,11.01,Fully Covered
546,CHHATTISGARH,JASHPUR,JASHPUR,AARA,SAKARDEGA,INDIRA AWAS,Fluoride,1.50,2.58,Fully Covered
547,CHHATTISGARH,JASHPUR,JASHPUR,AARA,SAKARDEGA,LAKARA KONA,Iron,1.00,3.09,Fully Covered
548,CHHATTISGARH,JASHPUR,JASHPUR,AARA,SAKARDEGA,PURNAPANI,Iron,1.00,3.24,Fully Covered
549,CHHATTISGARH,JASHPUR,JASHPUR,AARA,SAKARDEGA,SAKARDEGA,Iron,1.00,2.67,Fully Covered
550,CHHATTISGARH,JASHPUR,JASHPUR,AARA,THUTHIAMBA,BAIGA TOLI,Iron,1.00,1.04,Fully Covered
551,CHHATTISGARH,JASHPUR,JASHPUR,AARA,THUTHIAMBA,BARTOLI,Iron,1.00,3.65,Fully Covered
552,CHHATTISGARH,JASHPUR,JASHPUR,BADA BANAI,BADA BANAI,BADA BANAI,Iron,1.00,2.15,Quality Affected
553,CHHATTISGARH,JASHPUR,JASHPUR,BADA BANAI,BADA BANAI,DARRIGAON,Iron,1.00,1.78,Fully Covered
554,CHHATTISGARH,JASHPUR,JASHPUR,BADA BANAI,BADA BANAI,HARIJAN TOLI,Iron,1.00,1.88,Fully Covered
555,CHHATTISGARH,JASHPUR,JASHPUR,BADA BANAI,BADA BANAI,KHURI TOLI,Iron,1.00,2.45,Fully Covered
556,CHHATTISGARH,JASHPUR,JASHPUR,BADA BANAI,BADA BANAI,RAIDAND,Iron,1.00,1.62,Fully Covered
557,CHHATTISGARH,JASHPUR,JASHPUR,BADA BANAI,BADA BANAI,RAUTIA,Iron,1.00,1.85,Fully Covered
558,CHHATTISGARH,JASHPUR,JASHPUR,BADA BANAI,BADA BANAI,SIKEBIRA,Iron,1.00,3.09,Fully Covered
559,CHHATTISGARH,JASHPUR,JASHPUR,BADAKARONJA,BARAKORNJA,BUDHAWATOLI,Iron,1.00,1.61,Fully Covered
560,CHHATTISGARH,JASHPUR,JASHPUR,BADAKARONJA,BARAKORNJA,HAJARITOLI,Iron,1.00,1.34,Fully Covered
561,CHHATTISGARH,JASHPUR,JASHPUR,BADAKARONJA,CHHOTAKORNJA,BAIGATOLI,Iron,1.00,1.74,Partial Covered
562,CHHATTISGARH,JASHPUR,JASHPUR,BAGHIMA,BAGHIMA,BAGHIMA,Iron,1.00,3.42,Fully Covered
563,CHHATTISGARH,JASHPUR,JASHPUR,BAGHIMA,DASDUMARTOLI,DAS DUMARTOLI,Iron,1.00,1.57,Partial Covered
564,CHHATTISGARH,JASHPUR,JASHPUR,BAGHIMA,TIKAITGANJ,BAJTOLI,Iron,1.00,12.81,Fully Covered
565,CHHATTISGARH,JASHPUR,JASHPUR,BAGHIMA,TIKAITGANJ,TIKAITGANJ,Iron,1.00,3.50,Fully Covered
566,CHHATTISGARH,JASHPUR,JASHPUR,BAMHANPURA,BAMHANPUR,BODADIH,Iron,1.00,1.65,Partial Covered
567,CHHATTISGARH,JASHPUR,JASHPUR,BAMHANPURA,BAMHANPUR,KHAKHARA PATH,Iron,1.00,4.25,Fully Covered
568,CHHATTISGARH,JASHPUR,JASHPUR,BAMHANPURA,BASSTA,BASTA,Iron,1.00,4.88,Fully Covered
569,CHHATTISGARH,JASHPUR,JASHPUR,BAMHANPURA,BODOKACHHAR,BODO,Iron,1.00,1.61,Fully Covered
570,CHHATTISGARH,JASHPUR,JASHPUR,BAMHANPURA,BODOKACHHAR,BODOKACHHAR,Iron,1.00,12.52,Fully Covered
571,CHHATTISGARH,JASHPUR,JASHPUR,BAMHANPURA,BODOKACHHAR,MAHUATOLI,Iron,1.00,5.54,Fully Covered
572,CHHATTISGARH,JASHPUR,JASHPUR,BAMHANPURA,BODOKACHHAR,MAOTOLI,Iron,1.00,7.19,Fully Covered
573,CHHATTISGARH,JASHPUR,JASHPUR,BARGAON,BARGAON,AKHARADIPA,Iron,1.00,2.64,Fully Covered
574,CHHATTISGARH,JASHPUR,JASHPUR,BARGAON,BARGAON,BARGAON,Iron,1.00,2.01,Fully Covered
575,CHHATTISGARH,JASHPUR,JASHPUR,BARGAON,BARGAON,DUMARTOLI,Iron,1.00,1.58,Fully Covered
576,CHHATTISGARH,JASHPUR,JASHPUR,BARGAON,BARGAON,GODHITOLI,Iron,1.00,1.24,Fully Covered
577,CHHATTISGARH,JASHPUR,JASHPUR,BARGAON,BARGAON,HARRAKONA,Iron,1.00,3.07,Fully Covered
578,CHHATTISGARH,JASHPUR,JASHPUR,BARGAON,BARGAON,SENDRITOLI,Iron,1.00,1.04,Fully Covered
579,CHHATTISGARH,JASHPUR,JASHPUR,BARGAON,BARGAON,UPPERKHOR,Iron,1.00,2.41,Partial Covered
580,CHHATTISGARH,JASHPUR,JASHPUR,BARGAON,DABRIPANI,CHIRWARI,Fluoride,1.50,1.78,Fully Covered
581,CHHATTISGARH,JASHPUR,JASHPUR,BARGAON,DABRIPANI,KUMHARTOLI,Fluoride,1.50,2.01,Partial Covered
582,CHHATTISGARH,JASHPUR,JASHPUR,BARGAON,DABRIPANI,NARAYANPUR,Iron,1.00,2.35,Fully Covered
583,CHHATTISGARH,JASHPUR,JASHPUR,BARGAON,DABRIPANI,SCHOOL TOLI,Iron,1.00,1.91,Fully Covered
584,CHHATTISGARH,JASHPUR,JASHPUR,BOKI,BIROPANI,BIROPANI,Iron,1.00,1.00,Fully Covered
585,CHHATTISGARH,JASHPUR,JASHPUR,BOKI,BOKI,BARTOLI,Iron,1.00,2.24,Fully Covered
586,CHHATTISGARH,JASHPUR,JASHPUR,BOKI,BOKI,BOKI,Fluoride,1.50,2.16,Fully Covered
587,CHHATTISGARH,JASHPUR,JASHPUR,BOKI,BOKI,KARITALA,Iron,1.00,1.92,Fully Covered
588,CHHATTISGARH,JASHPUR,JASHPUR,BOKI,BOKI,KURUDAND,Nitrate,45.00,50.71,Fully Covered
589,CHHATTISGARH,JASHPUR,JASHPUR,BOKI,BOKI,TUKUTOLI,Fluoride,1.50,2.48,Fully Covered
590,CHHATTISGARH,JASHPUR,JASHPUR,CHELITANGARTOLI,CHALITAGTOLI,CHELITANGARTOLI,Iron,1.00,1.91,Fully Covered
591,CHHATTISGARH,JASHPUR,JASHPUR,CHELITANGARTOLI,CHALITAGTOLI,UPPER DIPA,Iron,1.00,2.10,Fully Covered
592,CHHATTISGARH,JASHPUR,JASHPUR,CHELITANGARTOLI,CHARAIDAND,BANSTOLI,Iron,1.00,2.17,Fully Covered
593,CHHATTISGARH,JASHPUR,JASHPUR,CHELITANGARTOLI,CHARAIDAND,CHARAIDAND,Iron,1.00,3.48,Quality Affected
594,CHHATTISGARH,JASHPUR,JASHPUR,CHELITANGARTOLI,CHARAIDAND,DIPATOLI,Iron,1.00,1.16,Fully Covered
595,CHHATTISGARH,JASHPUR,JASHPUR,DEVIDADGAON,DEVIDANDGAON,DEVIDADGAON,Iron,1.00,3.90,Quality Affected
596,CHHATTISGARH,JASHPUR,JASHPUR,DEVIDADGAON,JHILMILI,BANDO TOLI,Iron,1.00,2.33,Fully Covered
597,CHHATTISGARH,JASHPUR,JASHPUR,DEVIDADGAON,JHILMILI,JHILMILI,Iron,1.00,1.70,Fully Covered
598,CHHATTISGARH,JASHPUR,JASHPUR,DEVIDADGAON,JHILMILI,MANGAL,Iron,1.00,1.38,Fully Covered
599,CHHATTISGARH,JASHPUR,JASHPUR,DEVIDADGAON,KADAMTOLI,GHASIA PARA,Iron,1.00,1.02,Fully Covered
600,CHHATTISGARH,JASHPUR,JASHPUR,DEVIDADGAON,KADAMTOLI,KADAMTOLI,Iron,1.00,1.23,Fully Covered
601,CHHATTISGARH,JASHPUR,JASHPUR,DEVIDADGAON,KORANGRANGA,KORENGRENGA,Fluoride,1.50,2.35,Fully Covered
602,CHHATTISGARH,JASHPUR,JASHPUR,DEVIDADGAON,RAIPATH,RAIPATH,Iron,1.00,2.73,Fully Covered
603,CHHATTISGARH,JASHPUR,JASHPUR,GAMHARIYA,GAMHARIYA,BAMDEV NAGAR,Iron,1.00,3.25,Fully Covered
604,CHHATTISGARH,JASHPUR,JASHPUR,GAMHARIYA,GAMHARIYA,DAMGARHA,Iron,1.00,2.07,Fully Covered
605,CHHATTISGARH,JASHPUR,JASHPUR,GAMHARIYA,GAMHARIYA,DHUKA TOLI,Iron,1.00,1.10,Fully Covered
606,CHHATTISGARH,JASHPUR,JASHPUR,GAMHARIYA,GAMHARIYA,DODKA CHOURA,Iron,1.00,2.14,Fully Covered
607,CHHATTISGARH,JASHPUR,JASHPUR,GAMHARIYA,GAMHARIYA,GAMHARIYA,Iron,1.00,12.52,Fully Covered
608,CHHATTISGARH,JASHPUR,JASHPUR,GAMHARIYA,GAMHARIYA,GARHA GAMHARIYA,Iron,1.00,3.29,Partial Covered
609,CHHATTISGARH,JASHPUR,JASHPUR,GAMHARIYA,GAMHARIYA,JUNA DAND,Iron,1.00,3.83,Fully Covered
610,CHHATTISGARH,JASHPUR,JASHPUR,GAMHARIYA,GAMHARIYA,LURA TOLI,Iron,1.00,2.92,Fully Covered
611,CHHATTISGARH,JASHPUR,JASHPUR,GAMHARIYA,PANDRIPANI,DIPATOLI,Iron,1.00,2.23,Fully Covered
612,CHHATTISGARH,JASHPUR,JASHPUR,GAMHARIYA,PANDRIPANI,GOITHATOLI,Iron,1.00,9.30,Fully Covered
613,CHHATTISGARH,JASHPUR,JASHPUR,GAMHARIYA,PANDRIPANI,PANDRIPANI,Iron,1.00,13.66,Fully Covered
614,CHHATTISGARH,JASHPUR,JASHPUR,GHOLENG,GHOLENG,DOOMAR TOLI,Iron,1.00,2.72,Fully Covered
615,CHHATTISGARH,JASHPUR,JASHPUR,GHOLENG,GHOLENG,GHOLENG,Iron,1.00,2.30,Fully Covered
616,CHHATTISGARH,JASHPUR,JASHPUR,GIRANG,DIPATOLI,MIKHAIL TOLI,Iron,1.00,2.42,Fully Covered
617,CHHATTISGARH,JASHPUR,JASHPUR,GIRANG,DIPATOLI,RINGPUR,Iron,1.00,3.98,Partial Covered
618,CHHATTISGARH,JASHPUR,JASHPUR,GIRANG,GIRANG,GIRANG,Iron,1.00,3.09,Fully Covered
619,CHHATTISGARH,JASHPUR,JASHPUR,GIRANG,GIRANG,PASKALTOLI,Iron,1.00,1.70,Fully Covered
620,CHHATTISGARH,JASHPUR,JASHPUR,GIRANG,GIRANG,SCHOOL TOLI,Iron,1.00,1.58,Fully Covered
621,CHHATTISGARH,JASHPUR,JASHPUR,GLOUNDA,BADA GALONDA,BADA GALONDA,Iron,1.00,3.82,Fully Covered
622,CHHATTISGARH,JASHPUR,JASHPUR,GLOUNDA,BADA GALONDA,INDIRA AWAS,Iron,1.00,1.94,Fully Covered
623,CHHATTISGARH,JASHPUR,JASHPUR,GLOUNDA,BADA GALONDA,PREM NAGAR,Iron,1.00,3.82,Fully Covered
624,CHHATTISGARH,JASHPUR,JASHPUR,ICHKELA,ICHKELA,CHARTOLI,Iron,1.00,1.93,Fully Covered
625,CHHATTISGARH,JASHPUR,JASHPUR,ICHKELA,ICHKELA,GHODA TOLI,Iron,1.00,1.42,Partial Covered
626,CHHATTISGARH,JASHPUR,JASHPUR,ICHKELA,ICHKELA,ICHKELA,Iron,1.00,2.58,Fully Covered
627,CHHATTISGARH,JASHPUR,JASHPUR,ICHKELA,ICHKELA,JAMTOLI,Fluoride,1.50,1.62,Fully Covered
628,CHHATTISGARH,JASHPUR,JASHPUR,ICHKELA,ICHKELA,RAJAWTI,Nitrate,45.00,55.86,Fully Covered
629,CHHATTISGARH,JASHPUR,JASHPUR,ICHKELA,ICHKELA,SARNATOLI,Iron,1.00,3.20,Fully Covered
630,CHHATTISGARH,JASHPUR,JASHPUR,ICHKELA,ICHKELA,SENDWAR TOLI,Iron,1.00,1.08,Fully Covered
631,CHHATTISGARH,JASHPUR,JASHPUR,JAKABA,JAKBA,JAKABA,Iron,1.00,3.80,Fully Covered
632,CHHATTISGARH,JASHPUR,JASHPUR,JAMTOLI,BHALMAND,BHALMANDA,Nitrate,45.00,120.91,Fully Covered
633,CHHATTISGARH,JASHPUR,JASHPUR,JAMTOLI,BHALMAND,UDIAPARA,Nitrate,45.00,66.93,Fully Covered
634,CHHATTISGARH,JASHPUR,JASHPUR,JAMTOLI,DHAONTHATOLI,KARAMTOLI,Iron,1.00,1.98,Fully Covered
635,CHHATTISGARH,JASHPUR,JASHPUR,JAMTOLI,JAMTOLI,BODO,Iron,1.00,3.88,Partial Covered
636,CHHATTISGARH,JASHPUR,JASHPUR,JAMTOLI,JAMTOLI,JAMTOLI,Iron,1.00,2.10,Fully Covered
637,CHHATTISGARH,JASHPUR,JASHPUR,JAMTOLI,JAMTOLI,MAINITOLI,Iron,1.00,1.51,Fully Covered
638,CHHATTISGARH,JASHPUR,JASHPUR,JAMTOLI,RUPSERA,KARAMTOLI,Iron,1.00,3.89,Fully Covered
639,CHHATTISGARH,JASHPUR,JASHPUR,JAMTOLI,RUPSERA,KHAKHARAPATH,Iron,1.00,2.84,Fully Covered
640,CHHATTISGARH,JASHPUR,JASHPUR,JAMTOLI,RUPSERA,RUPSERA,Iron,1.00,1.84,Fully Covered
641,CHHATTISGARH,JASHPUR,JASHPUR,JASHPUR,JURGUM,HARRA KONA,Iron,1.00,1.52,Fully Covered
642,CHHATTISGARH,JASHPUR,JASHPUR,JASHPUR,JURGUM,TETAR TOLI,Iron,1.00,1.55,Partial Covered
643,CHHATTISGARH,JASHPUR,JASHPUR,JASHPUR,TAPKARA(JASHPUR),BADARKONA,Iron,1.00,1.15,Fully Covered
644,CHHATTISGARH,JASHPUR,JASHPUR,JASHPUR,TAPKARA(JASHPUR),KADAM TOLI,Iron,1.00,1.30,Fully Covered
645,CHHATTISGARH,JASHPUR,JASHPUR,JASHPUR,TAPKARA(JASHPUR),MADHUWAN TOLI,Iron,1.00,3.93,Fully Covered
646,CHHATTISGARH,JASHPUR,JASHPUR,JASHPUR,TAPKARA(JASHPUR),MAHUADAND,Iron,1.00,2.30,Partial Covered
647,CHHATTISGARH,JASHPUR,JASHPUR,JASHPUR,TAPKARA(JASHPUR),SCHOOL TOLI,Iron,1.00,1.35,Quality Affected
648,CHHATTISGARH,JASHPUR,JASHPUR,JHARGAON,JHARGAON,GHATOTOLI,Iron,1.00,2.67,Fully Covered
649,CHHATTISGARH,JASHPUR,JASHPUR,JHARGAON,JHARGAON,JHARGAON,Iron,1.00,2.27,Fully Covered
650,CHHATTISGARH,JASHPUR,JASHPUR,JHARGAON,JHARGAON,TUTHTOLI,Iron,1.00,1.86,Quality Affected
651,CHHATTISGARH,JASHPUR,JASHPUR,JHARGAON,JHARGAON,UPPERTOLI,Iron,1.00,1.10,Fully Covered
652,CHHATTISGARH,JASHPUR,JASHPUR,JHARGAON,PANDUL,PANDUL,Iron,1.00,1.63,Quality Affected
653,CHHATTISGARH,JASHPUR,JASHPUR,JHARGAON,UNCHDIH,UCHDIH,Iron,1.00,1.24,Partial Covered
654,CHHATTISGARH,JASHPUR,JASHPUR,JHOLANGA,GHORAGHAT,GHORAGHAT,Iron,1.00,3.86,Fully Covered
655,CHHATTISGARH,JASHPUR,JASHPUR,JHOLANGA,GHORAGHAT,MUDA TOLI,Iron,1.00,3.23,Partial Covered
656,CHHATTISGARH,JASHPUR,JASHPUR,JHOLANGA,GHORAGHAT,UPPERTOLI,Iron,1.00,2.83,Fully Covered
657,CHHATTISGARH,JASHPUR,JASHPUR,JHOLANGA,JHOLANGA,BODA DIH,Iron,1.00,11.40,Fully Covered
658,CHHATTISGARH,JASHPUR,JASHPUR,JHOLANGA,JHOLANGA,JHOLANGA,Iron,1.00,2.47,Fully Covered
659,CHHATTISGARH,JASHPUR,JASHPUR,JHOLANGA,KUDINGMAHUATOLI,JOGITOLI,Iron,1.00,1.77,Fully Covered
660,CHHATTISGARH,JASHPUR,JASHPUR,JHOLANGA,KUDINGMAHUATOLI,RAKHAWARTOLI,Iron,1.00,2.53,Fully Covered
661,CHHATTISGARH,JASHPUR,JASHPUR,JURGUM,JURGUM,JURGUM,Iron,1.00,1.33,Partial Covered
662,CHHATTISGARH,JASHPUR,JASHPUR,KANMORA,CHHOTA BANAI,CHHOTA BANAI,Fluoride,1.50,1.66,Fully Covered
663,CHHATTISGARH,JASHPUR,JASHPUR,KANMORA,GHUTRI,GHUTARI,Iron,1.00,5.62,Fully Covered
664,CHHATTISGARH,JASHPUR,JASHPUR,KANMORA,GHUTRI,KOHAR PARA,Iron,1.00,13.70,Partial Covered
665,CHHATTISGARH,JASHPUR,JASHPUR,KANMORA,GHUTRI,LAKARA KHOR,Iron,1.00,1.54,Quality Affected
666,CHHATTISGARH,JASHPUR,JASHPUR,KANMORA,JABALA,TUKUKONA,Iron,1.00,1.28,Quality Affected
667,CHHATTISGARH,JASHPUR,JASHPUR,KANMORA,KANMORA,DIPA KHOIR,Iron,1.00,3.02,Fully Covered
668,CHHATTISGARH,JASHPUR,JASHPUR,KANMORA,KANMORA,KANMORA,Iron,1.00,13.26,Fully Covered
669,CHHATTISGARH,JASHPUR,JASHPUR,KANMORA,KANMORA,NAYA PARA,Iron,1.00,6.83,Fully Covered
670,CHHATTISGARH,JASHPUR,JASHPUR,KANMORA,KANMORA,TUKU KONA,Nitrate,45.00,62.64,Fully Covered
671,CHHATTISGARH,JASHPUR,JASHPUR,KINKEL,KERE,PAKARI TOLI,Fluoride,1.50,2.12,Fully Covered
672,CHHATTISGARH,JASHPUR,JASHPUR,KINKEL,KERE,TANGERTOLI,Nitrate,45.00,48.33,Fully Covered
673,CHHATTISGARH,JASHPUR,JASHPUR,KINKEL,KINKEL,BAIGA TOLI,Iron,1.00,1.50,Quality Affected
674,CHHATTISGARH,JASHPUR,JASHPUR,KINKEL,KINKEL,GUDI KONA,Iron,1.00,2.50,Fully Covered
675,CHHATTISGARH,JASHPUR,JASHPUR,KINKEL,KINKEL,HATHISAR,Iron,1.00,1.18,Fully Covered
676,CHHATTISGARH,JASHPUR,JASHPUR,KINKEL,KINKEL,KINKEL,Iron,1.00,1.50,Fully Covered
677,CHHATTISGARH,JASHPUR,JASHPUR,KINKEL,KINKEL,SARNA TOLI,Iron,1.00,2.44,Fully Covered
678,CHHATTISGARH,JASHPUR,JASHPUR,LODAM,LODAM,BAIGATOLI,Iron,1.00,1.65,Partial Covered
679,CHHATTISGARH,JASHPUR,JASHPUR,LODAM,LODAM,BHATTITOLI,Iron,1.00,1.22,Fully Covered
680,CHHATTISGARH,JASHPUR,JASHPUR,LODAM,LODAM,KHIKHARTOLI,Nitrate,45.00,45.68,Fully Covered
681,CHHATTISGARH,JASHPUR,JASHPUR,LODAM,LODAM,KULDA,Iron,1.00,1.34,Fully Covered
682,CHHATTISGARH,JASHPUR,JASHPUR,LODAM,LODAM,LODAM,Iron,1.00,2.34,Fully Covered
683,CHHATTISGARH,JASHPUR,JASHPUR,LODAM,LODAM,TUMADI BAGICHA,Nitrate,45.00,45.42,Fully Covered
684,CHHATTISGARH,JASHPUR,JASHPUR,LOKHANDI,GHULMUL,GHULMUL,Iron,1.00,1.93,Fully Covered
685,CHHATTISGARH,JASHPUR,JASHPUR,LOKHANDI,LOKHANDI,BANDIPA,Iron,1.00,1.22,Fully Covered
686,CHHATTISGARH,JASHPUR,JASHPUR,LOKHANDI,LOKHANDI,DIPATOLI,Iron,1.00,1.44,Fully Covered
687,CHHATTISGARH,JASHPUR,JASHPUR,LUIKONA,KASIRA,BHAGAT PATH,Iron,1.00,1.95,Quality Affected
688,CHHATTISGARH,JASHPUR,JASHPUR,LUIKONA,KASIRA,NICHE KASIRA,Iron,1.00,2.78,Quality Affected
689,CHHATTISGARH,JASHPUR,JASHPUR,LUIKONA,KASIRA,UPPER TOLI,Iron,1.00,1.66,Fully Covered
690,CHHATTISGARH,JASHPUR,JASHPUR,LUIKONA,KHUNTITOLI,DEVIGUDI,Nitrate,45.00,62.41,Fully Covered
691,CHHATTISGARH,JASHPUR,JASHPUR,LUIKONA,KHUNTITOLI,KHUNTITOLI,Iron,1.00,1.66,Quality Affected
692,CHHATTISGARH,JASHPUR,JASHPUR,LUIKONA,LUIKONA,KHEDU PATH,Iron,1.00,1.43,Fully Covered
693,CHHATTISGARH,JASHPUR,JASHPUR,LUIKONA,LUIKONA,LUIKONA,Iron,1.00,1.29,Fully Covered
694,CHHATTISGARH,JASHPUR,JASHPUR,NEEMGAON,NEEMGAON,BAIGAPARA,Iron,1.00,1.09,Quality Affected
695,CHHATTISGARH,JASHPUR,JASHPUR,NEEMGAON,NEEMGAON,NEEMGAON,Iron,1.00,12.95,Fully Covered
696,CHHATTISGARH,JASHPUR,JASHPUR,NEEMGAON,NEEMGAON,SARNATOLI,Iron,1.00,13.11,Fully Covered
697,CHHATTISGARH,JASHPUR,JASHPUR,NEEMGAON,TIMERLA,REGADADIPA,Iron,1.00,1.41,Quality Affected